{"info":{"year":2020,"version":"1","description":"Exported using VGG Image Annotator (http://www.robots.ox.ac.uk/~vgg/software/via/)","contributor":"","url":"http://www.robots.ox.ac.uk/~vgg/software/via/","date_created":"Sat May 09 2020 10:41:56 GMT+0100 (British Summer Time)"},"images":[{"id":0,"width":1280,"height":720,"file_name":"00000.jpg","license":1,"date_captured":""},{"id":1,"width":1280,"height":720,"file_name":"00001.jpg","license":1,"date_captured":""},{"id":2,"width":1280,"height":720,"file_name":"00002.jpg","license":1,"date_captured":""},{"id":3,"width":1280,"height":720,"file_name":"00003.jpg","license":1,"date_captured":""},{"id":4,"width":1280,"height":720,"file_name":"00004.jpg","license":1,"date_captured":""},{"id":5,"width":1280,"height":720,"file_name":"00005.jpg","license":1,"date_captured":""},{"id":6,"width":1280,"height":720,"file_name":"00006.jpg","license":1,"date_captured":""},{"id":7,"width":1280,"height":720,"file_name":"00007.jpg","license":1,"date_captured":""},{"id":8,"width":1280,"height":720,"file_name":"00008.jpg","license":1,"date_captured":""},{"id":9,"width":1280,"height":720,"file_name":"00009.jpg","license":1,"date_captured":""},{"id":10,"width":1280,"height":720,"file_name":"00010.jpg","license":1,"date_captured":""},{"id":11,"width":1280,"height":720,"file_name":"00011.jpg","license":1,"date_captured":""},{"id":12,"width":1280,"height":720,"file_name":"00012.jpg","license":1,"date_captured":""},{"id":13,"width":1280,"height":720,"file_name":"00013.jpg","license":1,"date_captured":""},{"id":14,"width":1280,"height":720,"file_name":"00014.jpg","license":1,"date_captured":""},{"id":15,"width":1280,"height":720,"file_name":"00015.jpg","license":1,"date_captured":""},{"id":16,"width":1280,"height":720,"file_name":"00016.jpg","license":1,"date_captured":""},{"id":17,"width":1280,"height":720,"file_name":"00017.jpg","license":1,"date_captured":""},{"id":18,"width":1280,"height":720,"file_name":"00018.jpg","license":1,"date_captured":""},{"id":19,"width":1280,"height":720,"file_name":"00019.jpg","license":1,"date_captured":""},{"id":20,"width":1280,"height":720,"file_name":"00020.jpg","license":1,"date_captured":""},{"id":21,"width":1280,"height":720,"file_name":"00021.jpg","license":1,"date_captured":""},{"id":22,"width":1280,"height":720,"file_name":"00022.jpg","license":1,"date_captured":""},{"id":23,"width":1280,"height":720,"file_name":"00023.jpg","license":1,"date_captured":""},{"id":24,"width":1280,"height":720,"file_name":"00024.jpg","license":1,"date_captured":""},{"id":25,"width":1280,"height":720,"file_name":"00025.jpg","license":1,"date_captured":""},{"id":26,"width":1280,"height":720,"file_name":"00026.jpg","license":1,"date_captured":""},{"id":27,"width":1280,"height":720,"file_name":"00027.jpg","license":1,"date_captured":""},{"id":28,"width":1280,"height":720,"file_name":"00028.jpg","license":1,"date_captured":""},{"id":29,"width":1280,"height":720,"file_name":"00029.jpg","license":1,"date_captured":""},{"id":30,"width":1280,"height":720,"file_name":"00030.jpg","license":1,"date_captured":""},{"id":31,"width":1280,"height":720,"file_name":"00031.jpg","license":1,"date_captured":""},{"id":32,"width":1280,"height":720,"file_name":"00032.jpg","license":1,"date_captured":""},{"id":33,"width":1280,"height":720,"file_name":"00033.jpg","license":1,"date_captured":""},{"id":34,"width":1280,"height":720,"file_name":"00034.jpg","license":1,"date_captured":""},{"id":35,"width":1280,"height":720,"file_name":"00035.jpg","license":1,"date_captured":""},{"id":36,"width":1280,"height":720,"file_name":"00036.jpg","license":1,"date_captured":""},{"id":37,"width":1280,"height":720,"file_name":"00037.jpg","license":1,"date_captured":""},{"id":38,"width":1280,"height":720,"file_name":"00038.jpg","license":1,"date_captured":""},{"id":39,"width":1280,"height":720,"file_name":"00039.jpg","license":1,"date_captured":""},{"id":40,"width":1280,"height":720,"file_name":"00040.jpg","license":1,"date_captured":""},{"id":41,"width":1280,"height":720,"file_name":"00041.jpg","license":1,"date_captured":""},{"id":42,"width":1280,"height":720,"file_name":"00042.jpg","license":1,"date_captured":""},{"id":43,"width":1280,"height":720,"file_name":"00043.jpg","license":1,"date_captured":""},{"id":44,"width":1280,"height":720,"file_name":"00044.jpg","license":1,"date_captured":""},{"id":45,"width":1280,"height":720,"file_name":"00045.jpg","license":1,"date_captured":""},{"id":46,"width":1280,"height":720,"file_name":"00046.jpg","license":1,"date_captured":""},{"id":47,"width":1280,"height":720,"file_name":"00047.jpg","license":1,"date_captured":""},{"id":48,"width":1280,"height":720,"file_name":"00048.jpg","license":1,"date_captured":""},{"id":49,"width":1280,"height":720,"file_name":"00049.jpg","license":1,"date_captured":""},{"id":50,"width":1280,"height":720,"file_name":"00050.jpg","license":1,"date_captured":""},{"id":51,"width":1280,"height":720,"file_name":"00051.jpg","license":1,"date_captured":""},{"id":52,"width":1280,"height":720,"file_name":"00052.jpg","license":1,"date_captured":""},{"id":53,"width":1280,"height":720,"file_name":"00053.jpg","license":1,"date_captured":""},{"id":54,"width":1280,"height":720,"file_name":"00054.jpg","license":1,"date_captured":""},{"id":55,"width":1280,"height":720,"file_name":"00055.jpg","license":1,"date_captured":""},{"id":56,"width":1280,"height":720,"file_name":"00056.jpg","license":1,"date_captured":""},{"id":57,"width":1280,"height":720,"file_name":"00057.jpg","license":1,"date_captured":""},{"id":58,"width":1280,"height":720,"file_name":"00058.jpg","license":1,"date_captured":""},{"id":59,"width":1280,"height":720,"file_name":"00059.jpg","license":1,"date_captured":""},{"id":60,"width":1280,"height":720,"file_name":"00060.jpg","license":1,"date_captured":""}],"annotations":[{"id":0,"image_id":"0","category_id":1,"segmentation":[417,406,433,358,716,454,700,504],"area":43654,"bbox":[417,358,299,146],"iscrowd":0},{"id":1,"image_id":"0","category_id":3,"segmentation":[498,512,461,475,467,468,477,471,502,498,511,500,523,497,538,498,564,528,564,537,560,542,525,557,517,557,501,545,492,543,457,555,451,554,443,545,497,525,501,517],"area":10769,"bbox":[443,468,121,89],"iscrowd":0},{"id":2,"image_id":"0","category_id":3,"segmentation":[512,316,503,323,486,269,476,265,434,302,429,295,429,287,453,268,461,261,463,251,461,241,463,230,473,218,492,205,499,202,506,206,510,218,517,239,517,253,512,259,504,268,503,279],"area":10648,"bbox":[429,202,88,121],"iscrowd":0},{"id":3,"image_id":"0","category_id":2,"segmentation":[637,254,653,267,674,279,701,288,723,295,732,305,739,313,750,311,754,303,832,344,844,356,857,361,861,358,863,352,859,346,842,339,760,294,766,284,762,277,755,274,746,274,725,263,710,250,682,233,659,220,644,217,636,224,630,233,631,244],"area":33552,"bbox":[630,217,233,144],"iscrowd":0},{"id":4,"image_id":"0","category_id":2,"segmentation":[725,318,786,429,794,426,798,426,802,430,803,441,811,458,834,489,848,512,861,542,860,551,849,561,833,561,819,548,789,487,779,457,767,441,773,431,719,322,722,316],"area":34790,"bbox":[719,316,142,245],"iscrowd":0},{"id":5,"image_id":"1","category_id":3,"segmentation":[498,512,461,475,467,468,477,471,502,498,511,500,523,497,538,498,564,528,564,537,560,542,525,557,517,557,501,545,492,543,457,555,451,554,443,545,497,525,501,517],"area":10769,"bbox":[443,468,121,89],"iscrowd":0},{"id":6,"image_id":"1","category_id":3,"segmentation":[512,316,503,323,486,269,476,265,434,302,429,295,429,287,453,268,461,261,463,251,461,241,463,230,473,218,492,205,499,202,506,206,510,218,517,239,517,253,512,259,504,268,503,279],"area":10648,"bbox":[429,202,88,121],"iscrowd":0},{"id":7,"image_id":"1","category_id":2,"segmentation":[637,254,653,267,674,279,701,288,723,295,732,305,739,313,750,311,754,303,832,344,844,356,857,361,861,358,863,352,859,346,842,339,760,294,766,284,762,277,755,274,746,274,725,263,710,250,682,233,659,220,644,217,636,224,630,233,631,244],"area":33552,"bbox":[630,217,233,144],"iscrowd":0},{"id":8,"image_id":"1","category_id":2,"segmentation":[725,318,786,429,794,426,798,426,802,430,803,441,811,458,834,489,848,512,861,542,860,551,849,561,833,561,819,548,789,487,779,457,767,441,773,431,719,322,722,316],"area":34790,"bbox":[719,316,142,245],"iscrowd":0},{"id":9,"image_id":"1","category_id":1,"segmentation":[497,339,533,304,738,517,698,559,492,341],"area":62730,"bbox":[492,304,246,255],"iscrowd":0},{"id":10,"image_id":"2","category_id":3,"segmentation":[498,512,461,475,467,468,477,471,502,498,511,500,523,497,538,498,564,528,564,537,560,542,525,557,517,557,501,545,492,543,457,555,451,554,443,545,497,525,501,517],"area":10769,"bbox":[443,468,121,89],"iscrowd":0},{"id":11,"image_id":"2","category_id":2,"segmentation":[637,254,653,267,674,279,701,288,723,295,732,305,739,313,750,311,754,303,832,344,844,356,857,361,861,358,863,352,859,346,842,339,760,294,766,284,762,277,755,274,746,274,725,263,710,250,682,233,659,220,644,217,636,224,630,233,631,244],"area":33552,"bbox":[630,217,233,144],"iscrowd":0},{"id":12,"image_id":"2","category_id":2,"segmentation":[725,318,786,429,794,426,798,426,802,430,803,441,811,458,834,489,848,512,861,542,860,551,849,561,833,561,819,548,789,487,779,457,767,441,773,431,719,322,722,316],"area":34790,"bbox":[719,316,142,245],"iscrowd":0},{"id":13,"image_id":"2","category_id":1,"segmentation":[497,339,533,304,738,517,698,559,501,348],"area":61455,"bbox":[497,304,241,255],"iscrowd":0},{"id":14,"image_id":"2","category_id":3,"segmentation":[512,178,520,176,542,192,553,204,554,212,552,224,553,232,564,244,582,260,583,270,580,276,536,239,526,242,510,294,499,286,501,274,511,243,505,232,497,219,500,202,509,178],"area":10148,"bbox":[497,176,86,118],"iscrowd":0},{"id":15,"image_id":"3","category_id":3,"segmentation":[498,512,461,475,467,468,477,471,502,498,511,500,523,497,538,498,564,528,564,537,560,542,525,557,517,557,501,545,492,543,457,555,451,554,443,545,497,525,501,517],"area":10769,"bbox":[443,468,121,89],"iscrowd":0},{"id":16,"image_id":"3","category_id":3,"segmentation":[386,326,370,333,370,282,358,274,312,299,306,296,309,283,333,269,345,262,347,257,347,244,352,232,361,224,380,215,387,212,394,216,403,227,405,249,405,263,399,268,384,280,385,299],"area":11979,"bbox":[306,212,99,121],"iscrowd":0},{"id":17,"image_id":"3","category_id":2,"segmentation":[637,254,653,267,674,279,701,288,723,295,732,305,739,313,750,311,754,303,832,344,844,356,857,361,861,358,863,352,859,346,842,339,760,294,766,284,762,277,755,274,746,274,725,263,710,250,682,233,659,220,644,217,636,224,630,233,631,244],"area":33552,"bbox":[630,217,233,144],"iscrowd":0},{"id":18,"image_id":"3","category_id":2,"segmentation":[725,318,786,429,794,426,798,426,802,430,803,441,811,458,834,489,848,512,861,542,860,551,849,561,833,561,819,548,789,487,779,457,767,441,773,431,719,322,722,316],"area":34790,"bbox":[719,316,142,245],"iscrowd":0},{"id":19,"image_id":"3","category_id":1,"segmentation":[497,339,533,304,738,517,698,559,501,348],"area":61455,"bbox":[497,304,241,255],"iscrowd":0},{"id":20,"image_id":"4","category_id":2,"segmentation":[637,254,653,267,674,279,701,288,723,295,732,305,739,313,750,311,754,303,832,344,844,356,857,361,861,358,863,352,859,346,842,339,760,294,766,284,762,277,755,274,746,274,725,263,710,250,682,233,659,220,644,217,636,224,630,233,631,244],"area":33552,"bbox":[630,217,233,144],"iscrowd":0},{"id":21,"image_id":"4","category_id":2,"segmentation":[725,318,786,429,794,426,798,426,802,430,803,441,811,458,834,492,848,512,861,542,860,551,849,561,833,561,819,548,789,487,779,457,767,441,773,431,719,322,722,316],"area":34790,"bbox":[719,316,142,245],"iscrowd":0},{"id":22,"image_id":"4","category_id":1,"segmentation":[497,339,533,304,738,517,698,559,501,348],"area":61455,"bbox":[497,304,241,255],"iscrowd":0},{"id":23,"image_id":"4","category_id":3,"segmentation":[386,326,370,333,370,282,358,274,312,299,306,296,309,283,333,269,345,262,347,257,347,244,352,232,361,224,380,215,387,212,394,216,403,227,405,249,405,263,399,268,384,280,385,299],"area":11979,"bbox":[306,212,99,121],"iscrowd":0},{"id":24,"image_id":"4","category_id":3,"segmentation":[522,581,523,522,513,519,460,543,459,536,461,529,470,523,496,512,501,508,504,493,507,483,517,474,542,465,549,463,558,469,561,490,560,512,551,522,540,528,536,534,537,568,535,576,528,581],"area":12036,"bbox":[459,463,102,118],"iscrowd":0},{"id":25,"image_id":"5","category_id":2,"segmentation":[725,318,786,429,794,426,798,426,802,430,803,441,811,458,834,492,848,512,861,542,860,551,849,561,833,561,819,548,789,487,779,457,767,441,773,431,719,322,722,316],"area":34790,"bbox":[719,316,142,245],"iscrowd":0},{"id":26,"image_id":"5","category_id":1,"segmentation":[497,339,533,304,738,517,698,559,501,348],"area":61455,"bbox":[497,304,241,255],"iscrowd":0},{"id":27,"image_id":"5","category_id":3,"segmentation":[386,326,370,333,370,282,358,274,312,299,306,296,309,283,333,269,345,262,347,257,347,244,352,232,361,224,380,215,387,212,394,216,403,227,405,249,405,263,399,268,384,280,385,299],"area":11979,"bbox":[306,212,99,121],"iscrowd":0},{"id":28,"image_id":"5","category_id":3,"segmentation":[522,581,523,522,513,519,460,543,459,536,461,529,470,523,496,512,501,508,504,493,507,483,517,474,542,465,549,463,558,469,561,490,560,512,551,522,540,528,536,534,537,568,535,576,528,581],"area":12036,"bbox":[459,463,102,118],"iscrowd":0},{"id":29,"image_id":"5","category_id":2,"segmentation":[755,234,842,240,858,244,883,242,883,233,858,230,839,231,757,227,750,210,731,215,708,213,679,207,637,204,620,207,614,220,617,234,624,243,666,248,694,247,721,242,735,248,743,250,753,247],"area":12374,"bbox":[614,204,269,46],"iscrowd":0},{"id":30,"image_id":"6","category_id":2,"segmentation":[725,318,786,429,794,426,798,426,802,430,803,441,811,458,834,492,848,512,861,542,860,551,849,561,833,561,819,548,789,487,779,457,767,441,773,431,719,322,722,316],"area":34790,"bbox":[719,316,142,245],"iscrowd":0},{"id":31,"image_id":"6","category_id":3,"segmentation":[386,326,370,333,370,282,358,274,312,299,306,296,309,283,333,269,345,262,347,257,347,244,352,232,361,224,380,215,387,212,394,216,403,227,405,249,405,263,399,268,384,280,385,299],"area":11979,"bbox":[306,212,99,121],"iscrowd":0},{"id":32,"image_id":"6","category_id":3,"segmentation":[522,581,523,522,513,519,460,543,459,536,461,529,470,523,496,512,501,508,504,493,507,483,517,474,542,465,549,463,558,469,561,490,560,512,551,522,540,528,536,534,537,568,535,576,528,581],"area":12036,"bbox":[459,463,102,118],"iscrowd":0},{"id":33,"image_id":"6","category_id":2,"segmentation":[755,234,842,240,858,244,883,242,883,233,858,230,839,231,757,227,750,210,731,215,708,213,679,207,637,204,620,207,614,220,617,234,624,243,666,248,694,247,721,242,735,248,743,250,753,247],"area":12374,"bbox":[614,204,269,46],"iscrowd":0},{"id":34,"image_id":"6","category_id":1,"segmentation":[465,292,295,556,341,586,510,324],"area":63210,"bbox":[295,292,215,294],"iscrowd":0},{"id":35,"image_id":"7","category_id":3,"segmentation":[386,326,370,333,370,282,358,274,312,299,306,296,309,283,333,269,345,262,347,257,347,244,352,232,361,224,380,215,387,212,394,216,403,227,405,249,405,263,399,268,384,280,385,299],"area":11979,"bbox":[306,212,99,121],"iscrowd":0},{"id":36,"image_id":"7","category_id":3,"segmentation":[522,581,523,522,513,519,460,543,459,536,461,529,470,523,496,512,501,508,504,493,507,483,517,474,542,465,549,463,558,469,561,490,560,512,551,522,540,528,536,534,537,568,535,576,528,581],"area":12036,"bbox":[459,463,102,118],"iscrowd":0},{"id":37,"image_id":"7","category_id":1,"segmentation":[465,292,295,556,341,586,510,324],"area":63210,"bbox":[295,292,215,294],"iscrowd":0},{"id":38,"image_id":"7","category_id":2,"segmentation":[755,234,842,240,858,244,883,242,883,233,858,230,839,231,757,227,750,210,731,215,708,213,679,207,637,204,620,207,614,220,617,234,624,243,666,248,694,247,721,242,735,248,743,250,753,247],"area":12374,"bbox":[614,204,269,46],"iscrowd":0},{"id":39,"image_id":"7","category_id":2,"segmentation":[598,374,711,437,707,452,735,462,821,512,834,513,847,501,847,487,836,473,782,442,748,433,730,413,714,423,616,372,599,370],"area":35607,"bbox":[598,370,249,143],"iscrowd":0},{"id":40,"image_id":"8","category_id":3,"segmentation":[386,326,370,333,370,282,358,274,312,299,306,296,309,283,333,269,345,262,347,257,347,244,352,232,361,224,380,215,387,212,394,216,403,227,405,249,405,263,399,268,384,280,385,299],"area":11979,"bbox":[306,212,99,121],"iscrowd":0},{"id":41,"image_id":"8","category_id":1,"segmentation":[465,292,295,556,341,586,510,324],"area":63210,"bbox":[295,292,215,294],"iscrowd":0},{"id":42,"image_id":"8","category_id":2,"segmentation":[755,234,842,240,858,244,883,242,883,233,858,230,839,231,757,227,750,210,731,215,708,213,679,207,637,204,620,207,614,220,617,234,624,243,666,248,694,247,721,242,735,248,743,250,753,247],"area":12374,"bbox":[614,204,269,46],"iscrowd":0},{"id":43,"image_id":"8","category_id":2,"segmentation":[598,374,711,437,707,452,735,462,821,512,834,513,847,501,847,487,836,473,782,442,748,433,730,413,714,423,616,372,599,370],"area":35607,"bbox":[598,370,249,143],"iscrowd":0},{"id":44,"image_id":"8","category_id":3,"segmentation":[576,450,569,455,563,493,566,504,576,511,583,518,581,562,585,568,592,569,599,513,610,509,658,536,659,531,657,522,641,513,622,500,620,479,615,469,594,457],"area":11424,"bbox":[563,450,96,119],"iscrowd":0},{"id":45,"image_id":"9","category_id":3,"segmentation":[386,326,370,333,370,282,358,274,312,299,306,296,309,283,333,269,345,262,347,257,347,244,352,232,361,224,380,215,387,212,394,216,403,227,405,249,405,263,399,268,384,280,385,299],"area":11979,"bbox":[306,212,99,121],"iscrowd":0},{"id":46,"image_id":"9","category_id":2,"segmentation":[755,234,842,240,858,244,883,242,883,233,858,230,839,231,757,227,750,210,731,215,708,213,679,207,637,204,620,207,614,220,617,234,624,243,666,248,694,247,721,242,735,248,743,250,753,247],"area":12374,"bbox":[614,204,269,46],"iscrowd":0},{"id":47,"image_id":"9","category_id":2,"segmentation":[598,374,711,437,707,452,735,462,821,512,834,513,847,501,847,487,836,473,782,442,748,433,730,413,714,423,616,372,599,370],"area":35607,"bbox":[598,370,249,143],"iscrowd":0},{"id":48,"image_id":"9","category_id":3,"segmentation":[576,450,569,455,563,493,566,504,576,511,583,518,581,562,585,568,592,569,599,513,610,509,658,536,659,531,657,522,641,513,622,500,620,479,615,469,594,457],"area":11424,"bbox":[563,450,96,119],"iscrowd":0},{"id":49,"image_id":"9","category_id":1,"segmentation":[347,327,305,359,504,593,547,553],"area":64372,"bbox":[305,327,242,266],"iscrowd":0},{"id":50,"image_id":"10","category_id":2,"segmentation":[755,234,842,240,858,244,883,242,883,233,858,230,839,231,757,227,750,210,731,215,708,213,679,207,637,204,620,207,614,220,617,234,624,243,666,248,694,247,721,242,735,248,743,250,753,247],"area":12374,"bbox":[614,204,269,46],"iscrowd":0},{"id":51,"image_id":"10","category_id":2,"segmentation":[598,374,711,437,707,452,735,462,821,512,834,513,847,501,847,487,836,473,782,442,748,433,730,413,714,423,616,372,599,370],"area":35607,"bbox":[598,370,249,143],"iscrowd":0},{"id":52,"image_id":"10","category_id":3,"segmentation":[576,450,569,455,563,493,566,504,576,511,583,518,581,562,585,568,592,569,599,513,610,509,658,536,659,531,657,522,641,513,622,500,620,479,615,469,594,457],"area":11424,"bbox":[563,450,96,119],"iscrowd":0},{"id":53,"image_id":"10","category_id":1,"segmentation":[347,327,305,359,504,593,546,554,482,478,475,495,463,497,472,469,443,437,429,439,412,439,417,427,433,424],"area":64106,"bbox":[305,327,241,266],"iscrowd":0},{"id":54,"image_id":"10","category_id":3,"segmentation":[467,419,473,406,478,399,487,393,505,390,526,390,530,399,528,412,523,431,517,442,506,446,494,449,490,455,476,494,463,496,473,467,480,440,473,435,444,436,414,439,417,429,422,426,454,422,463,420],"area":12296,"bbox":[414,390,116,106],"iscrowd":0},{"id":55,"image_id":"11","category_id":2,"segmentation":[598,374,711,437,707,452,735,462,821,512,834,513,847,501,847,487,836,473,782,442,748,433,730,413,714,423,616,372,599,370],"area":35607,"bbox":[598,370,249,143],"iscrowd":0},{"id":56,"image_id":"11","category_id":3,"segmentation":[576,450,569,455,563,493,566,504,576,511,583,518,581,562,585,568,592,569,599,513,610,509,658,536,659,531,657,522,641,513,622,500,620,479,615,469,594,457],"area":11424,"bbox":[563,450,96,119],"iscrowd":0},{"id":57,"image_id":"11","category_id":1,"segmentation":[347,327,305,359,504,593,546,554,482,478,475,495,463,497,472,469,443,437,429,439,412,439,417,427,433,424],"area":64106,"bbox":[305,327,241,266],"iscrowd":0},{"id":58,"image_id":"11","category_id":3,"segmentation":[467,419,473,406,478,399,487,393,505,390,526,390,530,399,528,412,523,431,517,442,506,446,494,449,490,455,476,494,463,496,473,467,480,440,473,435,444,436,414,439,417,429,422,426,454,422,463,420],"area":12296,"bbox":[414,390,116,106],"iscrowd":0},{"id":59,"image_id":"11","category_id":2,"segmentation":[609,280,689,323,706,335,721,340,726,331,704,318,612,272,617,261,609,252,595,252,570,235,516,203,496,196,482,205,479,219,486,233,515,250,558,268,583,281,593,291,600,291],"area":35568,"bbox":[479,196,247,144],"iscrowd":0},{"id":60,"image_id":"12","category_id":2,"segmentation":[598,374,711,437,707,452,735,462,821,512,834,513,847,501,847,487,836,473,782,442,748,433,730,413,714,423,616,372,599,370],"area":35607,"bbox":[598,370,249,143],"iscrowd":0},{"id":61,"image_id":"12","category_id":3,"segmentation":[576,450,569,455,563,493,566,504,576,511,583,518,581,562,585,568,592,569,599,513,610,509,658,536,659,531,657,522,641,513,622,500,620,479,615,469,594,457],"area":11424,"bbox":[563,450,96,119],"iscrowd":0},{"id":62,"image_id":"12","category_id":1,"segmentation":[347,327,305,359,504,593,546,554,482,478,475,495,463,497,472,469,443,437,429,439,412,439,417,427,433,424],"area":64106,"bbox":[305,327,241,266],"iscrowd":0},{"id":63,"image_id":"12","category_id":3,"segmentation":[467,419,473,406,478,399,487,393,505,390,526,390,530,399,528,412,523,431,517,442,506,446,494,449,490,455,476,494,463,496,473,467,480,440,473,435,444,436,414,439,417,429,422,426,454,422,463,420],"area":12296,"bbox":[414,390,116,106],"iscrowd":0},{"id":64,"image_id":"12","category_id":2,"segmentation":[296,234,368,279,389,287,404,304,413,304,425,293,525,359,535,363,541,354,429,285,434,270,427,260,406,255,389,247,353,219,324,203,313,200,296,211,296,222],"area":39935,"bbox":[296,200,245,163],"iscrowd":0},{"id":65,"image_id":"13","category_id":2,"segmentation":[598,374,711,437,707,452,735,462,821,512,834,513,847,501,847,487,836,473,782,442,748,433,730,413,714,423,616,372,599,370],"area":35607,"bbox":[598,370,249,143],"iscrowd":0},{"id":66,"image_id":"13","category_id":3,"segmentation":[576,450,569,455,563,493,566,504,576,511,583,518,581,562,585,568,592,569,599,513,610,509,658,536,659,531,657,522,641,513,622,500,620,479,615,469,594,457],"area":11424,"bbox":[563,450,96,119],"iscrowd":0},{"id":67,"image_id":"13","category_id":1,"segmentation":[347,327,305,359,504,593,546,554,482,478,475,495,463,497,472,469,443,437,429,439,412,439,417,427,433,424],"area":64106,"bbox":[305,327,241,266],"iscrowd":0},{"id":68,"image_id":"13","category_id":3,"segmentation":[467,419,473,406,478,399,487,393,505,390,526,390,530,399,528,412,523,431,517,442,506,446,494,449,490,455,476,494,463,496,473,467,480,440,473,435,444,436,414,439,417,429,422,426,454,422,463,420],"area":12296,"bbox":[414,390,116,106],"iscrowd":0},{"id":69,"image_id":"13","category_id":2,"segmentation":[294,144,286,156,281,184,279,207,281,230,283,250,280,268,274,278,277,291,288,293,286,388,282,403,283,425,294,422,298,406,298,381,302,289,313,289,320,283,317,272,317,250,325,216,329,167,326,152,315,141,300,141],"area":15620,"bbox":[274,141,55,284],"iscrowd":0},{"id":70,"image_id":"14","category_id":3,"segmentation":[576,450,569,455,563,493,566,504,576,511,583,518,581,562,585,568,592,569,599,513,610,509,658,536,659,531,657,522,641,513,622,500,620,479,615,469,594,457],"area":11424,"bbox":[563,450,96,119],"iscrowd":0},{"id":71,"image_id":"14","category_id":1,"segmentation":[347,327,305,359,504,593,546,554,482,478,475,495,463,497,472,469,443,437,429,439,412,439,417,427,433,424],"area":64106,"bbox":[305,327,241,266],"iscrowd":0},{"id":72,"image_id":"14","category_id":3,"segmentation":[467,419,473,406,478,399,487,393,505,390,526,390,530,399,528,412,523,431,517,442,506,446,494,449,490,455,476,494,463,496,473,467,480,440,473,435,444,436,414,439,417,429,422,426,454,422,463,420],"area":12296,"bbox":[414,390,116,106],"iscrowd":0},{"id":73,"image_id":"14","category_id":2,"segmentation":[294,144,286,156,281,184,279,207,281,230,283,250,280,268,274,278,277,291,288,293,286,388,282,403,283,425,294,422,298,406,298,381,302,289,313,289,320,283,317,272,317,250,325,216,329,167,326,152,315,141,300,141],"area":15620,"bbox":[274,141,55,284],"iscrowd":0},{"id":74,"image_id":"14","category_id":2,"segmentation":[658,265,665,268,785,276,785,283,792,292,800,290,811,287,825,289,842,294,861,294,889,297,914,296,924,292,928,283,929,271,924,261,915,256,897,253,864,252,847,254,826,258,814,256,803,254,798,251,791,251,784,258,783,265,672,260,660,263],"area":12466,"bbox":[658,251,271,46],"iscrowd":0},{"id":75,"image_id":"15","category_id":3,"segmentation":[576,450,569,455,563,493,566,504,576,511,583,518,581,562,585,568,592,569,599,513,610,509,658,536,659,531,657,522,641,513,622,500,620,479,615,469,594,457],"area":11424,"bbox":[563,450,96,119],"iscrowd":0},{"id":76,"image_id":"15","category_id":1,"segmentation":[347,327,305,359,504,593,546,554,482,478,475,495,463,497,472,469,443,437,429,439,412,439,417,427,433,424],"area":64106,"bbox":[305,327,241,266],"iscrowd":0},{"id":77,"image_id":"15","category_id":3,"segmentation":[467,419,473,406,478,399,487,393,505,390,526,390,530,399,528,412,523,431,517,442,506,446,494,449,490,455,476,494,463,496,473,467,480,440,473,435,444,436,414,439,417,429,422,426,454,422,463,420],"area":12296,"bbox":[414,390,116,106],"iscrowd":0},{"id":78,"image_id":"15","category_id":2,"segmentation":[658,265,665,268,785,276,785,283,792,292,800,290,811,287,825,289,842,294,861,294,889,297,914,296,924,292,928,283,929,271,924,261,915,256,897,253,864,252,847,254,826,258,814,256,803,254,798,251,791,251,784,258,783,265,672,260,660,263],"area":12466,"bbox":[658,251,271,46],"iscrowd":0},{"id":79,"image_id":"15","category_id":2,"segmentation":[560,342,552,354,543,354,536,343,520,338,488,328,460,316,432,300,424,286,429,274,439,264,452,266,479,278,501,287,521,304,538,313,551,316,562,315,568,322,563,333,651,372,680,387,675,395,638,377],"area":33536,"bbox":[424,264,256,131],"iscrowd":0},{"id":80,"image_id":"16","category_id":3,"segmentation":[576,450,569,455,563,493,566,504,576,511,583,518,581,562,585,568,592,569,599,513,610,509,658,536,659,531,657,522,641,513,622,500,620,479,615,469,594,457],"area":11424,"bbox":[563,450,96,119],"iscrowd":0},{"id":81,"image_id":"16","category_id":2,"segmentation":[658,265,665,268,785,276,785,283,792,292,800,290,811,287,825,289,842,294,861,294,889,297,914,296,924,292,928,283,929,271,924,261,915,256,897,253,864,252,847,254,826,258,814,256,803,254,798,251,791,251,784,258,783,265,672,260,660,263],"area":12466,"bbox":[658,251,271,46],"iscrowd":0},{"id":82,"image_id":"16","category_id":2,"segmentation":[560,342,552,354,543,354,536,343,520,338,488,328,460,316,432,300,424,286,429,274,439,264,452,266,479,278,501,287,521,304,538,313,551,316,562,315,568,322,563,333,651,372,680,387,675,395,638,377],"area":33536,"bbox":[424,264,256,131],"iscrowd":0},{"id":83,"image_id":"16","category_id":1,"segmentation":[347,327,305,359,504,593,547,553],"area":64372,"bbox":[305,327,242,266],"iscrowd":0},{"id":84,"image_id":"16","category_id":3,"segmentation":[680,425,713,405,722,403,736,409,742,410,759,402,773,393,785,389,792,397,747,427,747,434,799,466,786,475,769,471,743,455,732,460,712,462,680,441],"area":10234,"bbox":[680,389,119,86],"iscrowd":0},{"id":85,"image_id":"17","category_id":2,"segmentation":[658,265,665,268,785,276,785,283,792,292,800,290,811,287,825,289,842,294,861,294,889,297,914,296,924,292,928,283,929,271,924,261,915,256,897,253,864,252,847,254,826,258,814,256,803,254,798,251,791,251,784,258,783,265,672,260,660,263],"area":12466,"bbox":[658,251,271,46],"iscrowd":0},{"id":86,"image_id":"17","category_id":1,"segmentation":[347,327,305,359,504,593,547,553],"area":64372,"bbox":[305,327,242,266],"iscrowd":0},{"id":87,"image_id":"17","category_id":2,"segmentation":[560,342,552,354,543,354,536,343,520,338,488,328,460,316,432,300,424,286,429,274,439,264,452,266,479,278,501,287,521,304,538,313,551,316,562,315,568,322,563,333,651,372,680,387,675,395,638,377],"area":33536,"bbox":[424,264,256,131],"iscrowd":0},{"id":88,"image_id":"17","category_id":3,"segmentation":[680,425,713,405,722,403,736,409,742,410,759,402,773,393,785,389,792,397,747,427,747,434,799,466,786,475,769,471,743,455,732,460,712,462,680,441],"area":10234,"bbox":[680,389,119,86],"iscrowd":0},{"id":89,"image_id":"17","category_id":3,"segmentation":[625,505,636,501,684,525,685,515,680,506,649,492,644,488,641,475,638,463,615,450,597,444,587,451,587,477,588,496,597,505,608,514,611,535,611,555,618,562,624,563],"area":11662,"bbox":[587,444,98,119],"iscrowd":0},{"id":90,"image_id":"18","category_id":2,"segmentation":[658,265,665,268,785,276,785,283,792,292,800,290,811,287,825,289,842,294,861,294,889,297,914,296,924,292,928,283,929,271,924,261,915,256,897,253,864,252,847,254,826,258,814,256,803,254,798,251,791,251,784,258,783,265,672,260,660,263],"area":12466,"bbox":[658,251,271,46],"iscrowd":0},{"id":91,"image_id":"18","category_id":2,"segmentation":[560,342,552,354,543,354,536,343,520,338,488,328,460,316,432,300,424,286,429,274,439,264,452,266,479,278,501,287,521,304,538,313,551,316,562,315,568,322,563,333,651,372,680,387,675,395,638,377],"area":33536,"bbox":[424,264,256,131],"iscrowd":0},{"id":92,"image_id":"18","category_id":3,"segmentation":[680,425,713,405,722,403,736,409,742,410,759,402,773,393,785,389,792,397,747,427,747,434,799,466,786,475,769,471,743,455,732,460,712,462,680,441],"area":10234,"bbox":[680,389,119,86],"iscrowd":0},{"id":93,"image_id":"18","category_id":3,"segmentation":[625,505,636,501,684,525,685,515,680,506,649,492,644,488,641,475,638,463,615,450,597,444,587,451,587,477,588,496,597,505,608,514,611,535,611,555,618,562,624,563],"area":11662,"bbox":[587,444,98,119],"iscrowd":0},{"id":94,"image_id":"18","category_id":1,"segmentation":[270,526,583,518,585,571,268,584],"area":20922,"bbox":[268,518,317,66],"iscrowd":0},{"id":95,"image_id":"19","category_id":2,"segmentation":[658,265,665,268,785,276,785,283,792,292,800,290,811,287,825,289,842,294,861,294,889,297,914,296,924,292,928,283,929,271,924,261,915,256,897,253,864,252,847,254,826,258,814,256,803,254,798,251,791,251,784,258,783,265,672,260,660,263],"area":12466,"bbox":[658,251,271,46],"iscrowd":0},{"id":96,"image_id":"19","category_id":3,"segmentation":[680,425,713,405,722,403,736,409,742,410,759,402,773,393,785,389,792,397,747,427,747,434,799,466,786,475,769,471,743,455,732,460,712,462,680,441],"area":10234,"bbox":[680,389,119,86],"iscrowd":0},{"id":97,"image_id":"19","category_id":3,"segmentation":[625,505,636,501,684,525,685,515,680,506,649,492,644,488,641,475,638,463,615,450,597,444,587,451,587,477,588,496,597,505,608,514,611,535,611,555,618,562,624,563],"area":11662,"bbox":[587,444,98,119],"iscrowd":0},{"id":98,"image_id":"19","category_id":1,"segmentation":[455,520,267,525,267,583,582,573,583,517,466,519,480,541,491,566,485,571,472,553,457,521],"area":20856,"bbox":[267,517,316,66],"iscrowd":0},{"id":99,"image_id":"19","category_id":2,"segmentation":[343,329,340,341,356,377,387,420,399,442,401,453,410,461,419,457,458,521,472,554,485,571,491,567,482,541,429,450,442,443,435,428,427,424,417,404,413,385,399,355,378,322,359,319],"area":38052,"bbox":[340,319,151,252],"iscrowd":0},{"id":100,"image_id":"20","category_id":2,"segmentation":[658,265,665,268,785,276,785,283,792,292,800,290,811,287,825,289,842,294,861,294,889,297,914,296,924,292,928,283,929,271,924,261,915,256,897,253,864,252,847,254,826,258,814,256,803,254,798,251,791,251,784,258,783,265,672,260,660,263],"area":12466,"bbox":[658,251,271,46],"iscrowd":0},{"id":101,"image_id":"20","category_id":3,"segmentation":[680,425,713,405,722,403,736,409,742,410,759,402,773,393,785,389,792,397,747,427,747,434,799,466,786,475,769,471,743,455,732,460,712,462,680,441],"area":10234,"bbox":[680,389,119,86],"iscrowd":0},{"id":102,"image_id":"20","category_id":3,"segmentation":[625,505,636,501,684,525,685,515,680,506,649,492,644,488,641,475,638,463,615,450,597,444,587,451,587,477,588,496,597,505,608,514,611,535,611,555,618,562,624,563],"area":11662,"bbox":[587,444,98,119],"iscrowd":0},{"id":103,"image_id":"20","category_id":2,"segmentation":[554,409,569,411,575,402,575,389,579,371,595,341,612,293,614,277,595,267,579,270,570,288,553,331,551,355,544,375,533,388,532,397,543,405,499,531,508,531],"area":30360,"bbox":[499,267,115,264],"iscrowd":0},{"id":104,"image_id":"20","category_id":1,"segmentation":[503,519,269,524,271,583,586,574,581,515,513,519,505,532,501,530],"area":21556,"bbox":[269,515,317,68],"iscrowd":0},{"id":105,"image_id":"21","category_id":2,"segmentation":[658,265,665,268,785,276,785,283,792,292,800,290,811,287,825,289,842,294,861,294,889,297,914,296,924,292,928,283,929,271,924,261,915,256,897,253,864,252,847,254,826,258,814,256,803,254,798,251,791,251,784,258,783,265,672,260,660,263],"area":12466,"bbox":[658,251,271,46],"iscrowd":0},{"id":106,"image_id":"21","category_id":3,"segmentation":[680,425,713,405,722,403,736,409,742,410,759,402,773,393,785,389,792,397,747,427,747,434,799,466,786,475,769,471,743,455,732,460,712,462,680,441],"area":10234,"bbox":[680,389,119,86],"iscrowd":0},{"id":107,"image_id":"21","category_id":3,"segmentation":[625,505,636,501,684,525,685,515,680,506,649,492,644,488,641,475,638,463,615,450,597,444,587,451,587,477,588,496,597,505,608,514,611,535,611,555,618,562,624,563],"area":11662,"bbox":[587,444,98,119],"iscrowd":0},{"id":108,"image_id":"21","category_id":2,"segmentation":[608,298,606,307,583,304,481,277,474,284,461,285,445,279,430,274,399,271,351,257,339,249,335,229,343,215,359,213,396,226,456,244,477,246,487,251,485,266,575,289],"area":25662,"bbox":[335,213,273,94],"iscrowd":0},{"id":109,"image_id":"21","category_id":1,"segmentation":[584,569,583,516,268,523,267,583,582,574],"area":21239,"bbox":[267,516,317,67],"iscrowd":0},{"id":110,"image_id":"22","category_id":2,"segmentation":[658,265,665,268,785,276,785,283,792,292,800,290,811,287,825,289,842,294,861,294,889,297,914,296,924,292,928,283,929,271,924,261,915,256,897,253,864,252,847,254,826,258,814,256,803,254,798,251,791,251,784,258,783,265,672,260,660,263],"area":12466,"bbox":[658,251,271,46],"iscrowd":0},{"id":111,"image_id":"22","category_id":3,"segmentation":[680,425,713,405,722,403,736,409,742,410,759,402,773,393,785,389,792,397,747,427,747,434,799,466,786,475,769,471,743,455,732,460,712,462,680,441],"area":10234,"bbox":[680,389,119,86],"iscrowd":0},{"id":112,"image_id":"22","category_id":3,"segmentation":[625,505,636,501,684,525,685,515,680,506,649,492,644,488,641,475,638,463,615,450,597,444,587,451,587,477,588,496,597,505,608,514,611,535,611,555,618,562,624,563],"area":11662,"bbox":[587,444,98,119],"iscrowd":0},{"id":113,"image_id":"22","category_id":2,"segmentation":[608,298,606,307,583,304,481,277,474,284,461,285,445,279,430,274,399,271,351,257,339,249,335,229,343,215,359,213,396,226,456,244,477,246,487,251,485,266,575,289],"area":25662,"bbox":[335,213,273,94],"iscrowd":0},{"id":114,"image_id":"22","category_id":1,"segmentation":[547,335,579,369,579,373,343,574,309,534,312,530,542,333],"area":65070,"bbox":[309,333,270,241],"iscrowd":0},{"id":115,"image_id":"23","category_id":2,"segmentation":[658,265,665,268,785,276,785,283,792,292,800,290,811,287,825,289,842,294,861,294,889,297,914,296,924,292,928,283,929,271,924,261,915,256,897,253,864,252,847,254,826,258,814,256,803,254,798,251,791,251,784,258,783,265,672,260,660,263],"area":12466,"bbox":[658,251,271,46],"iscrowd":0},{"id":116,"image_id":"23","category_id":3,"segmentation":[680,425,713,405,722,403,736,409,742,410,759,402,773,393,785,389,792,397,747,427,747,434,799,466,786,475,769,471,743,455,732,460,712,462,680,441],"area":10234,"bbox":[680,389,119,86],"iscrowd":0},{"id":117,"image_id":"23","category_id":3,"segmentation":[625,505,636,501,684,525,685,515,680,506,649,492,644,488,641,475,638,463,615,450,597,444,587,451,587,477,588,496,597,505,608,514,611,535,611,555,618,562,624,563],"area":11662,"bbox":[587,444,98,119],"iscrowd":0},{"id":118,"image_id":"23","category_id":2,"segmentation":[608,298,606,307,583,304,481,277,474,284,461,285,445,279,430,274,399,271,351,257,339,249,335,229,343,215,359,213,396,226,456,244,477,246,487,251,485,266,575,289],"area":25662,"bbox":[335,213,273,94],"iscrowd":0},{"id":119,"image_id":"23","category_id":1,"segmentation":[661,354,632,360,615,366,410,472,381,495,379,501,387,504,434,487,638,384,664,358],"area":42750,"bbox":[379,354,285,150],"iscrowd":0},{"id":120,"image_id":"24","category_id":2,"segmentation":[658,265,665,268,785,276,785,283,792,292,800,290,811,287,825,289,842,294,861,294,889,297,914,296,924,292,928,283,929,271,924,261,915,256,897,253,864,252,847,254,826,258,814,256,803,254,798,251,791,251,784,258,783,265,672,260,660,263],"area":12466,"bbox":[658,251,271,46],"iscrowd":0},{"id":121,"image_id":"24","category_id":3,"segmentation":[680,425,713,405,722,403,736,409,742,410,759,402,773,393,785,389,792,397,747,427,747,434,799,466,786,475,769,471,743,455,732,460,712,462,680,441],"area":10234,"bbox":[680,389,119,86],"iscrowd":0},{"id":122,"image_id":"24","category_id":3,"segmentation":[625,505,636,501,684,525,685,515,680,506,649,492,644,488,641,475,638,463,615,450,597,444,587,451,587,477,588,496,597,505,608,514,611,535,611,555,618,562,624,563],"area":11662,"bbox":[587,444,98,119],"iscrowd":0},{"id":123,"image_id":"24","category_id":2,"segmentation":[608,298,606,307,583,304,481,277,474,284,461,285,445,279,430,274,399,271,351,257,339,249,335,229,343,215,359,213,396,226,456,244,477,246,487,251,485,266,575,289],"area":25662,"bbox":[335,213,273,94],"iscrowd":0},{"id":124,"image_id":"24","category_id":1,"segmentation":[652,317,676,364,410,508,384,457],"area":55772,"bbox":[384,317,292,191],"iscrowd":0},{"id":125,"image_id":"25","category_id":2,"segmentation":[658,265,665,268,785,276,785,283,792,292,800,290,811,287,825,289,842,294,861,294,889,297,914,296,924,292,928,283,929,271,924,261,915,256,897,253,864,252,847,254,826,258,814,256,803,254,798,251,791,251,784,258,783,265,672,260,660,263],"area":12466,"bbox":[658,251,271,46],"iscrowd":0},{"id":126,"image_id":"25","category_id":3,"segmentation":[680,425,713,405,722,403,736,409,742,410,759,402,773,393,785,389,792,397,747,427,747,434,799,466,786,475,769,471,743,455,732,460,712,462,680,441],"area":10234,"bbox":[680,389,119,86],"iscrowd":0},{"id":127,"image_id":"25","category_id":3,"segmentation":[625,505,636,501,684,525,685,515,680,506,649,492,644,488,641,475,638,463,615,450,597,444,587,451,587,477,588,496,597,505,608,514,611,535,611,555,618,562,624,563],"area":11662,"bbox":[587,444,98,119],"iscrowd":0},{"id":128,"image_id":"25","category_id":2,"segmentation":[608,298,606,307,583,304,481,277,474,284,461,285,445,279,430,274,399,271,351,257,339,249,335,229,343,215,359,213,396,226,456,244,477,246,487,251,485,266,575,289],"area":25662,"bbox":[335,213,273,94],"iscrowd":0},{"id":129,"image_id":"25","category_id":1,"segmentation":[544,361,585,371,821,366,852,354,851,349,821,339,572,345,542,353],"area":9920,"bbox":[542,339,310,32],"iscrowd":0},{"id":130,"image_id":"26","category_id":2,"segmentation":[658,265,665,268,785,276,785,283,792,292,800,290,811,287,825,289,842,294,861,294,889,297,914,296,924,292,928,283,929,271,924,261,915,256,897,253,864,252,847,254,826,258,814,256,803,254,798,251,791,251,784,258,783,265,672,260,660,263],"area":12466,"bbox":[658,251,271,46],"iscrowd":0},{"id":131,"image_id":"26","category_id":3,"segmentation":[680,425,713,405,722,403,736,409,742,410,759,402,773,393,785,389,792,397,747,427,747,434,799,466,786,475,769,471,743,455,732,460,712,462,680,441],"area":10234,"bbox":[680,389,119,86],"iscrowd":0},{"id":132,"image_id":"26","category_id":3,"segmentation":[625,505,636,501,684,525,685,515,680,506,649,492,644,488,641,475,638,463,615,450,597,444,587,451,587,477,588,496,597,505,608,514,611,535,611,555,618,562,624,563],"area":11662,"bbox":[587,444,98,119],"iscrowd":0},{"id":133,"image_id":"26","category_id":2,"segmentation":[608,298,606,307,583,304,481,277,474,284,461,285,445,279,430,274,399,271,351,257,339,249,335,229,343,215,359,213,396,226,456,244,477,246,487,251,485,266,575,289],"area":25662,"bbox":[335,213,273,94],"iscrowd":0},{"id":134,"image_id":"26","category_id":1,"segmentation":[510,327,527,355,542,369,715,508,742,522,751,523,753,520,733,493,725,487,549,341,515,323],"area":48600,"bbox":[510,323,243,200],"iscrowd":0},{"id":135,"image_id":"27","category_id":2,"segmentation":[658,265,665,268,785,276,785,283,792,292,800,290,811,287,825,289,842,294,861,294,889,297,914,296,924,292,928,283,929,271,924,261,915,256,897,253,864,252,847,254,826,258,814,256,803,254,798,251,791,251,784,258,783,265,672,260,660,263],"area":12466,"bbox":[658,251,271,46],"iscrowd":0},{"id":136,"image_id":"27","category_id":3,"segmentation":[625,505,636,501,684,525,685,515,680,506,649,492,644,488,641,475,638,463,615,450,597,444,587,451,587,477,588,496,597,505,608,514,611,535,611,555,618,562,624,563],"area":11662,"bbox":[587,444,98,119],"iscrowd":0},{"id":137,"image_id":"27","category_id":2,"segmentation":[608,298,606,307,583,304,481,277,474,284,461,285,445,279,430,274,399,271,351,257,339,249,335,229,343,215,359,213,396,226,456,244,477,246,487,251,485,266,575,289],"area":25662,"bbox":[335,213,273,94],"iscrowd":0},{"id":138,"image_id":"27","category_id":1,"segmentation":[413,377,708,321,719,372,423,429],"area":33048,"bbox":[413,321,306,108],"iscrowd":0},{"id":139,"image_id":"27","category_id":3,"segmentation":[751,460,767,474,777,481,783,480,788,476,788,474,745,438,746,427,797,406,791,400,783,399,774,403,760,409,750,412,743,412,734,406,727,402,715,401,703,406,687,415,681,420,682,430,694,443,708,453,723,457,735,453,743,455],"area":9512,"bbox":[681,399,116,82],"iscrowd":0},{"id":140,"image_id":"28","category_id":2,"segmentation":[658,265,665,268,785,276,785,283,792,292,800,290,811,287,825,289,842,294,861,294,889,297,914,296,924,292,928,283,929,271,924,261,915,256,897,253,864,252,847,254,826,258,814,256,803,254,798,251,791,251,784,258,783,265,672,260,660,263],"area":12466,"bbox":[658,251,271,46],"iscrowd":0},{"id":141,"image_id":"28","category_id":3,"segmentation":[625,505,636,501,684,525,685,515,680,506,649,492,644,488,641,475,638,463,615,450,597,444,587,451,587,477,588,496,597,505,608,514,611,535,611,555,618,562,624,563],"area":11662,"bbox":[587,444,98,119],"iscrowd":0},{"id":142,"image_id":"28","category_id":2,"segmentation":[608,298,606,307,583,304,481,277,474,284,461,285,445,279,430,274,399,271,351,257,339,249,335,229,343,215,359,213,396,226,456,244,477,246,487,251,485,266,575,289],"area":25662,"bbox":[335,213,273,94],"iscrowd":0},{"id":143,"image_id":"28","category_id":3,"segmentation":[751,460,767,474,777,481,783,480,788,476,788,474,745,438,746,427,797,406,791,400,783,399,774,403,760,409,750,412,743,412,734,406,727,402,715,401,703,406,687,415,681,420,682,430,694,443,708,453,723,457,735,453,743,455],"area":9512,"bbox":[681,399,116,82],"iscrowd":0},{"id":144,"image_id":"28","category_id":1,"segmentation":[566,357,570,358,567,367,551,396,392,575,376,589,356,602,352,598,367,568,538,375],"area":53410,"bbox":[352,357,218,245],"iscrowd":0},{"id":145,"image_id":"29","category_id":2,"segmentation":[658,265,665,268,785,276,785,283,792,292,800,290,811,287,825,289,842,294,861,294,889,297,914,296,924,292,928,283,929,271,924,261,915,256,897,253,864,252,847,254,826,258,814,256,803,254,798,251,791,251,784,258,783,265,672,260,660,263],"area":12466,"bbox":[658,251,271,46],"iscrowd":0},{"id":146,"image_id":"29","category_id":2,"segmentation":[608,298,606,307,583,304,481,277,474,284,461,285,445,279,430,274,399,271,351,257,339,249,335,229,343,215,359,213,396,226,456,244,477,246,487,251,485,266,575,289],"area":25662,"bbox":[335,213,273,94],"iscrowd":0},{"id":147,"image_id":"29","category_id":3,"segmentation":[751,460,767,474,777,481,783,480,788,476,788,474,745,438,746,427,797,406,791,400,783,399,774,403,760,409,750,412,743,412,734,406,727,402,715,401,703,406,687,415,681,420,682,430,694,443,708,453,723,457,735,453,743,455],"area":9512,"bbox":[681,399,116,82],"iscrowd":0},{"id":148,"image_id":"29","category_id":1,"segmentation":[318,366,549,567,511,608,276,405],"area":66066,"bbox":[276,366,273,242],"iscrowd":0},{"id":149,"image_id":"29","category_id":3,"segmentation":[625,505,636,501,684,525,685,515,680,506,649,492,644,488,641,475,638,463,615,450,597,444,587,451,587,477,588,496,597,505,608,514,611,535,611,555,618,562,624,563],"area":11662,"bbox":[587,444,98,119],"iscrowd":0},{"id":150,"image_id":"30","category_id":2,"segmentation":[658,265,665,268,785,276,785,283,792,292,800,290,811,287,825,289,842,294,861,294,889,297,914,296,924,292,928,283,929,271,924,261,915,256,897,253,864,252,847,254,826,258,814,256,803,254,798,251,791,251,784,258,783,265,672,260,660,263],"area":12466,"bbox":[658,251,271,46],"iscrowd":0},{"id":151,"image_id":"30","category_id":3,"segmentation":[625,505,636,501,684,525,685,515,680,506,649,492,644,488,641,475,638,463,615,450,597,444,587,451,587,477,588,496,597,505,608,514,611,535,611,555,618,562,624,563],"area":11662,"bbox":[587,444,98,119],"iscrowd":0},{"id":152,"image_id":"30","category_id":2,"segmentation":[608,298,606,307,583,304,481,277,474,284,461,285,445,279,430,274,399,271,351,257,339,249,335,229,343,215,359,213,396,226,456,244,477,246,487,251,485,266,575,289],"area":25662,"bbox":[335,213,273,94],"iscrowd":0},{"id":153,"image_id":"30","category_id":3,"segmentation":[751,460,767,474,777,481,783,480,788,476,788,474,745,438,746,427,797,406,791,400,783,399,774,403,760,409,750,412,743,412,734,406,727,402,715,401,703,406,687,415,681,420,682,430,694,443,708,453,723,457,735,453,743,455],"area":9512,"bbox":[681,399,116,82],"iscrowd":0},{"id":154,"image_id":"30","category_id":1,"segmentation":[273,559,588,567,586,621,266,618],"area":19964,"bbox":[266,559,322,62],"iscrowd":0},{"id":155,"image_id":"31","category_id":2,"segmentation":[658,265,665,268,785,276,785,283,792,292,800,290,811,287,825,289,842,294,861,294,889,297,914,296,924,292,928,283,929,271,924,261,915,256,897,253,864,252,847,254,826,258,814,256,803,254,798,251,791,251,784,258,783,265,672,260,660,263],"area":12466,"bbox":[658,251,271,46],"iscrowd":0},{"id":156,"image_id":"31","category_id":3,"segmentation":[625,505,636,501,684,525,685,515,680,506,649,492,644,488,641,475,638,463,615,450,597,444,587,451,587,477,588,496,597,505,608,514,611,535,611,555,618,562,624,563],"area":11662,"bbox":[587,444,98,119],"iscrowd":0},{"id":157,"image_id":"31","category_id":2,"segmentation":[608,298,606,307,583,304,481,277,474,284,461,285,445,279,430,274,399,271,351,257,339,249,335,229,343,215,359,213,396,226,456,244,477,246,487,251,485,266,575,289],"area":25662,"bbox":[335,213,273,94],"iscrowd":0},{"id":158,"image_id":"31","category_id":3,"segmentation":[751,460,767,474,777,481,783,480,788,476,788,474,745,438,746,427,797,406,791,400,783,399,774,403,760,409,750,412,743,412,734,406,727,402,715,401,703,406,687,415,681,420,682,430,694,443,708,453,723,457,735,453,743,455],"area":9512,"bbox":[681,399,116,82],"iscrowd":0},{"id":159,"image_id":"31","category_id":1,"segmentation":[413,309,471,306,476,616,419,619],"area":19719,"bbox":[413,306,63,313],"iscrowd":0},{"id":160,"image_id":"32","category_id":2,"segmentation":[658,265,665,268,785,276,785,283,792,292,800,290,811,287,825,289,842,294,861,294,889,297,914,296,924,292,928,283,929,271,924,261,915,256,897,253,864,252,847,254,826,258,814,256,803,254,798,251,791,251,784,258,783,265,672,260,660,263],"area":12466,"bbox":[658,251,271,46],"iscrowd":0},{"id":161,"image_id":"32","category_id":3,"segmentation":[625,505,636,501,684,525,685,515,680,506,649,492,644,488,641,475,638,463,615,450,597,444,587,451,587,477,588,496,597,505,608,514,611,535,611,555,618,562,624,563],"area":11662,"bbox":[587,444,98,119],"iscrowd":0},{"id":162,"image_id":"32","category_id":2,"segmentation":[608,298,606,307,583,304,481,277,474,284,461,285,445,279,430,274,399,271,351,257,339,249,335,229,343,215,359,213,396,226,456,244,477,246,487,251,485,266,575,289],"area":25662,"bbox":[335,213,273,94],"iscrowd":0},{"id":163,"image_id":"32","category_id":3,"segmentation":[751,460,767,474,777,481,783,480,788,476,788,474,745,438,746,427,797,406,791,400,783,399,774,403,760,409,750,412,743,412,734,406,727,402,715,401,703,406,687,415,681,420,682,430,694,443,708,453,723,457,735,453,743,455],"area":9512,"bbox":[681,399,116,82],"iscrowd":0},{"id":164,"image_id":"32","category_id":1,"segmentation":[613,602,633,587,658,579,861,521,894,521,921,531,917,534,887,552,652,616,618,615],"area":29260,"bbox":[613,521,308,95],"iscrowd":0},{"id":165,"image_id":"33","category_id":2,"segmentation":[658,265,665,268,785,276,785,283,792,292,800,290,811,287,825,289,842,294,861,294,889,297,914,296,924,292,928,283,929,271,924,261,915,256,897,253,864,252,847,254,826,258,814,256,803,254,798,251,791,251,784,258,783,265,672,260,660,263],"area":12466,"bbox":[658,251,271,46],"iscrowd":0},{"id":166,"image_id":"33","category_id":3,"segmentation":[625,505,636,501,684,525,685,515,680,506,649,492,644,488,641,475,638,463,615,450,597,444,587,451,587,477,588,496,597,505,608,514,611,535,611,555,618,562,624,563],"area":11662,"bbox":[587,444,98,119],"iscrowd":0},{"id":167,"image_id":"33","category_id":2,"segmentation":[608,298,606,307,583,304,481,277,474,284,461,285,445,279,430,274,399,271,351,257,339,249,335,229,343,215,359,213,396,226,456,244,477,246,487,251,485,266,575,289],"area":25662,"bbox":[335,213,273,94],"iscrowd":0},{"id":168,"image_id":"33","category_id":3,"segmentation":[751,460,767,474,777,481,783,480,788,476,788,474,745,438,746,427,797,406,791,400,783,399,774,403,760,409,750,412,743,412,734,406,727,402,715,401,703,406,687,415,681,420,682,430,694,443,708,453,723,457,735,453,743,455],"area":9512,"bbox":[681,399,116,82],"iscrowd":0},{"id":169,"image_id":"33","category_id":1,"segmentation":[587,342,616,383,397,541,367,563,336,518,583,341],"area":62160,"bbox":[336,341,280,222],"iscrowd":0},{"id":170,"image_id":"34","category_id":2,"segmentation":[658,265,665,268,785,276,785,283,792,292,800,290,811,287,825,289,842,294,861,294,889,297,914,296,924,292,928,283,929,271,924,261,915,256,897,253,864,252,847,254,826,258,814,256,803,254,798,251,791,251,784,258,783,265,672,260,660,263],"area":12466,"bbox":[658,251,271,46],"iscrowd":0},{"id":171,"image_id":"34","category_id":3,"segmentation":[625,505,636,501,684,525,685,515,680,506,649,492,644,488,641,475,638,463,615,450,597,444,587,451,587,477,588,496,597,505,608,514,611,535,611,555,618,562,624,563],"area":11662,"bbox":[587,444,98,119],"iscrowd":0},{"id":172,"image_id":"34","category_id":2,"segmentation":[608,298,606,307,583,304,481,277,474,284,461,285,445,279,430,274,399,271,351,257,339,249,335,229,343,215,359,213,396,226,456,244,477,246,487,251,485,266,575,289],"area":25662,"bbox":[335,213,273,94],"iscrowd":0},{"id":173,"image_id":"34","category_id":1,"segmentation":[588,342,616,380,609,389,407,535,366,563,335,519,579,345],"area":62101,"bbox":[335,342,281,221],"iscrowd":0},{"id":174,"image_id":"34","category_id":3,"segmentation":[676,384,681,369,689,362,701,357,703,348,706,316,714,310,719,310,714,365,723,372,777,353,777,360,775,366,755,375,733,383,727,397,725,405,718,410,701,417,681,420,671,415,673,399],"area":11660,"bbox":[671,310,106,110],"iscrowd":0},{"id":175,"image_id":"35","category_id":3,"segmentation":[625,505,636,501,684,525,685,515,680,506,649,492,644,488,641,475,638,463,615,450,597,444,587,451,587,477,588,496,597,505,608,514,611,535,611,555,618,562,624,563],"area":11662,"bbox":[587,444,98,119],"iscrowd":0},{"id":176,"image_id":"35","category_id":1,"segmentation":[588,342,616,380,609,389,407,535,366,563,335,519,579,345],"area":62101,"bbox":[335,342,281,221],"iscrowd":0},{"id":177,"image_id":"35","category_id":2,"segmentation":[608,298,606,307,583,304,481,277,474,284,461,285,445,279,430,274,399,271,351,257,339,249,335,229,343,215,359,213,396,226,456,244,477,246,487,251,485,266,575,289],"area":25662,"bbox":[335,213,273,94],"iscrowd":0},{"id":178,"image_id":"35","category_id":3,"segmentation":[676,384,681,369,689,362,701,357,703,348,706,316,714,310,719,310,714,365,723,372,777,353,777,360,775,366,755,375,733,383,727,397,725,405,718,410,701,417,681,420,671,415,673,399],"area":11660,"bbox":[671,310,106,110],"iscrowd":0},{"id":179,"image_id":"35","category_id":2,"segmentation":[811,508,810,508,806,491,809,379,797,377,792,369,797,354,799,339,797,320,792,291,798,246,805,236,820,235,828,239,836,249,835,264,836,310,829,335,829,350,833,369,833,375,817,377,816,493],"area":12012,"bbox":[792,235,44,273],"iscrowd":0},{"id":180,"image_id":"36","category_id":3,"segmentation":[625,505,636,501,684,525,685,515,680,506,649,492,644,488,641,475,638,463,615,450,597,444,587,451,587,477,588,496,597,505,608,514,611,535,611,555,618,562,624,563],"area":11662,"bbox":[587,444,98,119],"iscrowd":0},{"id":181,"image_id":"36","category_id":3,"segmentation":[676,384,681,369,689,362,699,359,727,397,725,405,718,410,701,417,681,420,671,415,673,399],"area":3416,"bbox":[671,359,56,61],"iscrowd":0},{"id":182,"image_id":"36","category_id":1,"segmentation":[588,342,616,380,609,389,407,535,366,563,335,519,579,345],"area":62101,"bbox":[335,342,281,221],"iscrowd":0},{"id":183,"image_id":"36","category_id":2,"segmentation":[608,298,606,307,583,304,481,277,474,284,461,285,445,279,430,274,399,271,351,257,339,249,335,229,343,215,359,213,396,226,456,244,477,246,487,251,485,266,575,289],"area":25662,"bbox":[335,213,273,94],"iscrowd":0},{"id":184,"image_id":"36","category_id":2,"segmentation":[584,200,594,202,667,289,683,283,688,286,690,296,706,316,720,327,732,337,752,360,764,377,769,389,764,397,760,402,751,407,742,407,727,395,690,348,686,339,671,320,658,314,654,309,659,293,585,206],"area":38295,"bbox":[584,200,185,207],"iscrowd":0},{"id":185,"image_id":"37","category_id":3,"segmentation":[625,505,636,501,684,525,685,515,680,506,649,492,644,488,641,475,638,463,615,450,597,444,587,451,587,477,588,496,597,505,608,514,611,535,611,555,618,562,624,563],"area":11662,"bbox":[587,444,98,119],"iscrowd":0},{"id":186,"image_id":"37","category_id":3,"segmentation":[676,384,681,369,689,362,701,357,703,348,706,316,714,310,719,310,714,365,723,372,777,353,777,360,775,366,755,375,733,383,727,397,725,405,718,410,701,417,681,420,671,415,673,399],"area":11660,"bbox":[671,310,106,110],"iscrowd":0},{"id":187,"image_id":"37","category_id":1,"segmentation":[588,342,616,380,609,389,580,410,530,444,523,386,579,345],"area":9486,"bbox":[523,342,93,102],"iscrowd":0},{"id":188,"image_id":"37","category_id":1,"segmentation":[485,409,335,518,367,564,498,467,493,462,489,440],"area":25265,"bbox":[335,409,163,155],"iscrowd":0},{"id":189,"image_id":"37","category_id":2,"segmentation":[489,205,479,205,476,221,482,234,492,322,482,327,479,336,483,348,486,365,485,390,485,407,494,464,501,467,515,468,528,461,530,453,531,444,515,345,515,341,519,334,516,327,510,322,503,321,491,228,492,221],"area":14465,"bbox":[476,205,55,263],"iscrowd":0},{"id":190,"image_id":"37","category_id":2,"segmentation":[548,195,559,199,677,207,676,219,681,225,694,224,714,223,740,230,771,234,798,234,815,227,817,215,815,201,802,194,776,190,750,189,721,191,708,193,697,189,690,184,681,186,679,193,677,201,566,190,554,190],"area":13450,"bbox":[548,184,269,50],"iscrowd":0},{"id":191,"image_id":"38","category_id":3,"segmentation":[625,505,636,501,684,525,685,515,680,506,649,492,644,488,641,475,638,463,615,450,597,444,587,451,587,477,588,496,597,505,608,514,611,535,611,555,618,562,624,563],"area":11662,"bbox":[587,444,98,119],"iscrowd":0},{"id":192,"image_id":"38","category_id":2,"segmentation":[549,190,560,194,678,202,677,214,682,220,695,219,715,218,741,225,772,229,799,229,816,222,818,210,816,196,803,189,777,185,751,184,722,186,709,188,698,184,691,179,682,181,680,188,677,193,567,185,555,185],"area":13450,"bbox":[549,179,269,50],"iscrowd":0},{"id":193,"image_id":"38","category_id":3,"segmentation":[675,382,680,367,690,361,700,355,702,346,705,314,713,308,718,308,713,363,722,370,776,351,776,358,774,364,754,373,732,381,726,395,724,403,717,408,700,415,680,418,670,413,672,397],"area":11660,"bbox":[670,308,106,110],"iscrowd":0},{"id":194,"image_id":"38","category_id":1,"segmentation":[588,342,616,380,609,389,580,410,530,444,523,386,579,345],"area":9486,"bbox":[523,342,93,102],"iscrowd":0},{"id":195,"image_id":"38","category_id":1,"segmentation":[485,409,335,518,367,564,498,467,493,462,489,440],"area":25265,"bbox":[335,409,163,155],"iscrowd":0},{"id":196,"image_id":"38","category_id":2,"segmentation":[489,205,479,205,476,221,482,234,492,322,482,327,479,336,483,348,486,365,485,390,485,407,494,464,501,467,515,468,528,461,530,453,531,444,515,345,515,341,519,334,516,327,510,322,503,321,491,228,492,221],"area":14465,"bbox":[476,205,55,263],"iscrowd":0},{"id":197,"image_id":"39","category_id":3,"segmentation":[625,505,636,501,684,525,685,515,680,506,649,492,644,488,641,475,638,463,615,450,597,444,587,451,587,477,588,496,597,505,608,514,611,535,611,555,618,562,624,563],"area":11662,"bbox":[587,444,98,119],"iscrowd":0},{"id":198,"image_id":"39","category_id":3,"segmentation":[676,384,681,369,689,362,701,357,703,348,706,316,714,310,719,310,714,365,723,372,777,353,777,360,775,366,755,375,733,383,727,397,725,405,718,410,701,417,681,420,671,415,673,399],"area":11660,"bbox":[671,310,106,110],"iscrowd":0},{"id":199,"image_id":"39","category_id":1,"segmentation":[588,342,616,380,609,389,407,535,366,563,335,519,579,345],"area":62101,"bbox":[335,342,281,221],"iscrowd":0},{"id":200,"image_id":"39","category_id":2,"segmentation":[549,190,560,194,678,202,677,214,682,220,695,219,715,218,741,225,772,229,799,229,816,222,818,210,816,196,803,189,777,185,751,184,722,186,709,188,698,184,691,179,682,181,680,188,677,193,567,185,555,185],"area":13450,"bbox":[549,179,269,50],"iscrowd":0},{"id":201,"image_id":"39","category_id":2,"segmentation":[640,219,633,219,627,222,618,224,604,224,584,220,564,218,528,218,507,219,502,226,502,235,502,249,513,257,527,260,559,259,577,259,602,257,620,254,630,257,642,258,645,251,647,241,732,244,749,247,762,247,770,246,769,237,755,235,744,235,733,237,714,236,646,234],"area":11256,"bbox":[502,218,268,42],"iscrowd":0},{"id":202,"image_id":"40","category_id":3,"segmentation":[625,505,636,501,684,525,685,515,680,506,649,492,644,488,641,475,638,463,615,450,597,444,587,451,587,477,588,496,597,505,608,514,611,535,611,555,618,562,624,563],"area":11662,"bbox":[587,444,98,119],"iscrowd":0},{"id":203,"image_id":"40","category_id":3,"segmentation":[676,384,681,369,689,362,701,357,703,348,706,316,714,310,719,310,714,365,723,372,777,353,777,360,775,366,755,375,733,383,727,397,725,405,718,410,701,417,681,420,671,415,673,399],"area":11660,"bbox":[671,310,106,110],"iscrowd":0},{"id":204,"image_id":"40","category_id":1,"segmentation":[588,342,616,380,609,389,407,535,366,563,335,519,579,345],"area":62101,"bbox":[335,342,281,221],"iscrowd":0},{"id":205,"image_id":"40","category_id":2,"segmentation":[549,190,560,194,678,202,677,214,682,220,695,219,715,218,741,225,772,229,799,229,816,222,818,210,816,196,803,189,777,185,751,184,722,186,709,188,698,184,691,179,682,181,680,188,677,193,567,185,555,185],"area":13450,"bbox":[549,179,269,50],"iscrowd":0},{"id":206,"image_id":"40","category_id":2,"segmentation":[475,258,477,246,469,238,454,239,441,239,414,226,402,221,374,211,350,204,336,202,326,212,323,225,329,233,338,242,363,252,396,262,424,265,439,270,453,278,468,281,472,270,557,295,574,304,593,307,596,299,579,290,560,287],"area":28665,"bbox":[323,202,273,105],"iscrowd":0},{"id":207,"image_id":"41","category_id":3,"segmentation":[625,505,636,501,684,525,685,515,680,506,649,492,644,488,641,475,638,463,615,450,597,444,587,451,587,477,588,496,597,505,608,514,611,535,611,555,618,562,624,563],"area":11662,"bbox":[587,444,98,119],"iscrowd":0},{"id":208,"image_id":"41","category_id":1,"segmentation":[588,342,616,380,609,389,407,535,366,563,335,519,579,345],"area":62101,"bbox":[335,342,281,221],"iscrowd":0},{"id":209,"image_id":"41","category_id":2,"segmentation":[549,190,560,194,678,202,677,214,682,220,695,219,715,218,741,225,772,229,799,229,816,222,818,210,816,196,803,189,777,185,751,184,722,186,709,188,698,184,691,179,682,181,680,188,677,193,567,185,555,185],"area":13450,"bbox":[549,179,269,50],"iscrowd":0},{"id":210,"image_id":"41","category_id":2,"segmentation":[475,258,477,246,469,238,454,239,441,239,414,226,402,221,374,211,350,204,336,202,326,212,323,225,329,233,338,242,363,252,396,262,424,265,439,270,453,278,468,281,472,270,557,295,574,304,593,307,596,299,579,290,560,287],"area":28665,"bbox":[323,202,273,105],"iscrowd":0},{"id":211,"image_id":"41","category_id":3,"segmentation":[702,317,746,282,739,278,730,278,717,288,705,297,697,301,689,300,682,296,674,295,663,298,649,309,637,319,638,329,644,340,655,346,675,354,684,353,697,343,705,345,720,353,734,361,745,361,752,354,701,328],"area":9545,"bbox":[637,278,115,83],"iscrowd":0},{"id":212,"image_id":"42","category_id":1,"segmentation":[588,342,616,380,609,389,407,535,366,563,335,519,579,345],"area":62101,"bbox":[335,342,281,221],"iscrowd":0},{"id":213,"image_id":"42","category_id":2,"segmentation":[549,190,560,194,678,202,677,214,682,220,695,219,715,218,741,225,772,229,799,229,816,222,818,210,816,196,803,189,777,185,751,184,722,186,709,188,698,184,691,179,682,181,680,188,677,193,567,185,555,185],"area":13450,"bbox":[549,179,269,50],"iscrowd":0},{"id":214,"image_id":"42","category_id":2,"segmentation":[475,258,477,246,469,238,454,239,441,239,414,226,402,221,374,211,350,204,336,202,326,212,323,225,329,233,338,242,363,252,396,262,424,265,439,270,453,278,468,281,472,270,557,295,574,304,593,307,596,299,579,290,560,287],"area":28665,"bbox":[323,202,273,105],"iscrowd":0},{"id":215,"image_id":"42","category_id":3,"segmentation":[702,317,746,282,739,278,730,278,717,288,705,297,697,301,689,300,682,296,674,295,663,298,649,309,637,319,638,329,644,340,655,346,675,354,684,353,697,343,705,345,720,353,734,361,745,361,752,354,701,328],"area":9545,"bbox":[637,278,115,83],"iscrowd":0},{"id":216,"image_id":"42","category_id":3,"segmentation":[731,604,698,559,701,549,757,539,756,536,749,527,739,528,717,531,707,533,702,530,691,520,681,516,668,517,650,521,638,524,635,531,643,545,656,567,670,573,682,573,690,574,695,581,706,595,716,605,723,608,726,608],"area":11224,"bbox":[635,516,122,92],"iscrowd":0},{"id":217,"image_id":"43","category_id":1,"segmentation":[588,342,616,380,609,389,407,535,366,563,335,519,579,345],"area":62101,"bbox":[335,342,281,221],"iscrowd":0},{"id":218,"image_id":"43","category_id":2,"segmentation":[549,190,560,194,678,202,677,214,682,220,695,219,715,218,741,225,772,229,799,229,816,222,818,210,816,196,803,189,777,185,751,184,722,186,709,188,698,184,691,179,682,181,680,188,677,193,567,185,555,185],"area":13450,"bbox":[549,179,269,50],"iscrowd":0},{"id":219,"image_id":"43","category_id":2,"segmentation":[475,258,477,246,469,238,454,239,441,239,414,226,402,221,374,211,350,204,336,202,326,212,323,225,329,233,338,242,363,252,396,262,424,265,439,270,453,278,468,281,472,270,557,295,574,304,593,307,596,299,579,290,560,287],"area":28665,"bbox":[323,202,273,105],"iscrowd":0},{"id":220,"image_id":"43","category_id":3,"segmentation":[702,317,746,282,739,278,730,278,717,288,705,297,697,301,689,300,682,296,674,295,663,298,649,309,637,319,638,329,644,340,655,346,675,354,684,353,697,343,705,345,720,353,734,361,745,361,752,354,701,328],"area":9545,"bbox":[637,278,115,83],"iscrowd":0},{"id":221,"image_id":"43","category_id":3,"segmentation":[867,445,860,443,850,443,838,450,824,457,816,460,809,456,800,452,790,454,780,456,766,466,756,474,755,489,774,502,793,509,802,506,812,500,826,505,840,515,860,526,865,523,868,519,855,507,838,499,820,488,822,475,866,450],"area":9379,"bbox":[755,443,113,83],"iscrowd":0},{"id":222,"image_id":"44","category_id":2,"segmentation":[549,190,560,194,678,202,677,214,682,220,695,219,715,218,741,225,772,229,799,229,816,222,818,210,816,196,803,189,777,185,751,184,722,186,709,188,698,184,691,179,682,181,680,188,677,193,567,185,555,185],"area":13450,"bbox":[549,179,269,50],"iscrowd":0},{"id":223,"image_id":"44","category_id":2,"segmentation":[475,258,477,246,469,238,454,239,441,239,414,226,402,221,374,211,350,204,336,202,326,212,323,225,329,233,338,242,363,252,396,262,424,265,439,270,453,278,468,281,472,270,557,295,574,304,593,307,596,299,579,290,560,287],"area":28665,"bbox":[323,202,273,105],"iscrowd":0},{"id":224,"image_id":"44","category_id":3,"segmentation":[702,317,746,282,739,278,730,278,717,288,705,297,697,301,689,300,682,296,674,295,663,298,649,309,637,319,638,329,644,340,655,346,675,354,684,353,697,343,705,345,720,353,734,361,745,361,752,354,701,328],"area":9545,"bbox":[637,278,115,83],"iscrowd":0},{"id":225,"image_id":"44","category_id":1,"segmentation":[588,342,616,380,609,389,407,535,366,563,335,519,579,345],"area":62101,"bbox":[335,342,281,221],"iscrowd":0},{"id":226,"image_id":"44","category_id":3,"segmentation":[670,594,671,537,680,531,732,558,733,550,729,541,720,537,696,524,693,520,692,514,690,500,683,491,674,486,663,480,648,474,637,480,635,492,635,521,643,533,653,539,656,548,656,571,655,584,663,593],"area":11760,"bbox":[635,474,98,120],"iscrowd":0},{"id":227,"image_id":"45","category_id":1,"segmentation":[588,342,616,380,609,389,407,535,366,563,335,519,579,345],"area":62101,"bbox":[335,342,281,221],"iscrowd":0},{"id":228,"image_id":"45","category_id":2,"segmentation":[549,190,560,194,678,202,677,214,682,220,695,219,715,218,741,225,772,229,799,229,816,222,818,210,816,196,803,189,777,185,751,184,722,186,709,188,698,184,691,179,682,181,680,188,677,193,567,185,555,185],"area":13450,"bbox":[549,179,269,50],"iscrowd":0},{"id":229,"image_id":"45","category_id":2,"segmentation":[475,258,477,246,469,238,454,239,441,239,414,226,402,221,374,211,350,204,336,202,326,212,323,225,329,233,338,242,363,252,396,262,424,265,439,270,453,278,468,281,472,270,557,295,574,304,593,307,596,299,579,290,560,287],"area":28665,"bbox":[323,202,273,105],"iscrowd":0},{"id":230,"image_id":"45","category_id":3,"segmentation":[702,317,746,282,739,278,730,278,717,288,705,297,697,301,689,300,682,296,674,295,663,298,649,309,637,319,638,329,644,340,655,346,675,354,684,353,697,343,705,345,720,353,734,361,745,361,752,354,701,328],"area":9545,"bbox":[637,278,115,83],"iscrowd":0},{"id":231,"image_id":"45","category_id":3,"segmentation":[577,522,572,512,579,489,589,472,598,466,608,465,617,460,627,436,631,424,642,421,647,422,625,478,630,484,685,482,684,489,678,495,660,498,640,497,636,500,630,512,624,521,606,525,585,524],"area":11752,"bbox":[572,421,113,104],"iscrowd":0},{"id":232,"image_id":"46","category_id":1,"segmentation":[588,342,616,380,609,389,407,535,366,563,335,519,579,345],"area":62101,"bbox":[335,342,281,221],"iscrowd":0},{"id":233,"image_id":"46","category_id":2,"segmentation":[549,190,560,194,678,202,677,214,682,220,695,219,715,218,741,225,772,229,799,229,816,222,818,210,816,196,803,189,777,185,751,184,722,186,709,188,698,184,691,179,682,181,680,188,677,193,567,185,555,185],"area":13450,"bbox":[549,179,269,50],"iscrowd":0},{"id":234,"image_id":"46","category_id":3,"segmentation":[702,317,746,282,739,278,730,278,717,288,705,297,697,301,689,300,682,296,674,295,663,298,649,309,637,319,638,329,644,340,655,346,675,354,684,353,697,343,705,345,720,353,734,361,745,361,752,354,701,328],"area":9545,"bbox":[637,278,115,83],"iscrowd":0},{"id":235,"image_id":"46","category_id":3,"segmentation":[577,522,572,512,579,489,589,472,598,466,608,465,617,460,627,436,631,424,642,421,647,422,625,478,630,484,685,482,684,489,678,495,660,498,640,497,636,500,630,512,624,521,606,525,585,524],"area":11752,"bbox":[572,421,113,104],"iscrowd":0},{"id":236,"image_id":"46","category_id":2,"segmentation":[851,373,858,379,847,394,777,477,784,486,784,491,779,498,770,504,755,523,748,537,735,554,717,578,705,590,695,596,686,591,671,574,679,561,704,524,725,508,739,494,746,483,749,472,754,468,762,465,769,470],"area":41701,"bbox":[671,373,187,223],"iscrowd":0},{"id":237,"image_id":"47","category_id":1,"segmentation":[588,342,616,380,609,389,407,535,366,563,335,519,579,345],"area":62101,"bbox":[335,342,281,221],"iscrowd":0},{"id":238,"image_id":"47","category_id":3,"segmentation":[702,317,746,282,739,278,730,278,717,288,705,297,697,301,689,300,682,296,674,295,663,298,649,309,637,319,638,329,644,340,655,346,675,354,684,353,697,343,705,345,720,353,734,361,745,361,752,354,701,328],"area":9545,"bbox":[637,278,115,83],"iscrowd":0},{"id":239,"image_id":"47","category_id":3,"segmentation":[577,522,572,512,579,489,589,472,598,466,608,465,617,460,627,436,631,424,642,421,647,422,625,478,630,484,685,482,684,489,678,495,660,498,640,497,636,500,630,512,624,521,606,525,585,524],"area":11752,"bbox":[572,421,113,104],"iscrowd":0},{"id":240,"image_id":"47","category_id":2,"segmentation":[851,373,858,379,847,394,777,477,784,486,784,491,779,498,770,504,755,523,748,537,735,554,717,578,705,590,695,596,686,591,671,574,679,561,704,524,725,508,739,494,746,483,749,472,754,468,762,465,769,470],"area":41701,"bbox":[671,373,187,223],"iscrowd":0},{"id":241,"image_id":"47","category_id":2,"segmentation":[439,212,440,203,435,198,429,194,419,197,409,197,395,192,368,182,331,173,296,169,289,177,287,194,290,208,319,217,355,224,393,224,406,227,418,235,434,235,439,226,438,222,559,245,567,241,553,235],"area":21280,"bbox":[287,169,280,76],"iscrowd":0},{"id":242,"image_id":"48","category_id":1,"segmentation":[588,342,616,380,609,389,407,535,366,563,335,519,579,345],"area":62101,"bbox":[335,342,281,221],"iscrowd":0},{"id":243,"image_id":"48","category_id":3,"segmentation":[702,317,746,282,739,278,730,278,717,288,705,297,697,301,689,300,682,296,674,295,663,298,649,309,637,319,638,329,644,340,655,346,675,354,684,353,697,343,705,345,720,353,734,361,745,361,752,354,701,328],"area":9545,"bbox":[637,278,115,83],"iscrowd":0},{"id":244,"image_id":"48","category_id":3,"segmentation":[577,522,572,512,579,489,589,472,598,466,608,465,617,460,627,436,631,424,642,421,647,422,625,478,630,484,685,482,684,489,678,495,660,498,640,497,636,500,630,512,624,521,606,525,585,524],"area":11752,"bbox":[572,421,113,104],"iscrowd":0},{"id":245,"image_id":"48","category_id":2,"segmentation":[851,373,858,379,847,394,777,477,784,486,784,491,779,498,770,504,755,523,748,537,735,554,717,578,705,590,695,596,686,591,671,574,679,561,704,524,725,508,739,494,746,483,749,472,754,468,762,465,769,470],"area":41701,"bbox":[671,373,187,223],"iscrowd":0},{"id":246,"image_id":"48","category_id":2,"segmentation":[457,602,582,598,594,593,586,588,459,591,457,581,449,573,443,573,438,580,427,581,410,578,376,573,340,575,307,581,303,591,301,607,305,616,317,625,341,626,384,623,406,617,429,613,437,617,449,619,456,610],"area":15529,"bbox":[301,573,293,53],"iscrowd":0},{"id":247,"image_id":"49","category_id":3,"segmentation":[702,317,746,282,739,278,730,278,717,288,705,297,697,301,689,300,682,296,674,295,663,298,649,309,637,319,638,329,644,340,655,346,675,354,684,353,697,343,705,345,720,353,734,361,745,361,752,354,701,328],"area":9545,"bbox":[637,278,115,83],"iscrowd":0},{"id":248,"image_id":"49","category_id":3,"segmentation":[577,522,572,512,579,489,589,472,598,466,608,465,617,460,627,436,631,424,642,421,647,422,625,478,630,484,685,482,684,489,678,495,660,498,640,497,636,500,630,512,624,521,606,525,585,524],"area":11752,"bbox":[572,421,113,104],"iscrowd":0},{"id":249,"image_id":"49","category_id":2,"segmentation":[851,373,858,379,847,394,777,477,784,486,784,491,779,498,770,504,755,523,748,537,735,554,717,578,705,590,695,596,686,591,671,574,679,561,704,524,725,508,739,494,746,483,749,472,754,468,762,465,769,470],"area":41701,"bbox":[671,373,187,223],"iscrowd":0},{"id":250,"image_id":"49","category_id":2,"segmentation":[457,602,582,598,594,593,586,588,459,591,457,581,449,573,443,573,438,580,427,581,410,578,376,573,340,575,307,581,303,591,301,607,305,616,317,625,341,626,384,623,406,617,429,613,437,617,449,619,456,610],"area":15529,"bbox":[301,573,293,53],"iscrowd":0},{"id":251,"image_id":"49","category_id":1,"segmentation":[360,393,397,382,403,376,595,233,606,215,603,196,563,215,374,357,356,379,351,388],"area":50235,"bbox":[351,196,255,197],"iscrowd":0},{"id":252,"image_id":"50","category_id":3,"segmentation":[702,317,746,282,739,278,730,278,717,288,705,297,697,301,689,300,682,296,674,295,663,298,649,309,637,319,638,329,644,340,655,346,675,354,684,353,697,343,705,345,720,353,734,361,745,361,752,354,701,328],"area":9545,"bbox":[637,278,115,83],"iscrowd":0},{"id":253,"image_id":"50","category_id":3,"segmentation":[577,522,572,512,579,489,589,472,598,466,608,465,617,460,627,436,631,424,642,421,647,422,625,478,630,484,685,482,684,489,678,495,660,498,640,497,636,500,630,512,624,521,606,525,585,524],"area":11752,"bbox":[572,421,113,104],"iscrowd":0},{"id":254,"image_id":"50","category_id":2,"segmentation":[851,373,858,379,847,394,777,477,784,486,784,491,779,498,770,504,755,523,748,537,735,554,717,578,705,590,695,596,686,591,671,574,679,561,704,524,725,508,739,494,746,483,749,472,754,468,762,465,769,470],"area":41701,"bbox":[671,373,187,223],"iscrowd":0},{"id":255,"image_id":"50","category_id":2,"segmentation":[457,602,582,598,594,593,586,588,459,591,457,581,449,573,443,573,438,580,427,581,410,578,376,573,340,575,307,581,303,591,301,607,305,616,317,625,341,626,384,623,406,617,429,613,437,617,449,619,456,610],"area":15529,"bbox":[301,573,293,53],"iscrowd":0},{"id":256,"image_id":"50","category_id":1,"segmentation":[321,249,338,265,363,275,596,341,622,338,628,328,599,311,583,307,356,241,330,242,322,242],"area":30700,"bbox":[321,241,307,100],"iscrowd":0},{"id":257,"image_id":"51","category_id":3,"segmentation":[702,317,746,282,739,278,730,278,717,288,705,297,697,301,689,300,682,296,674,295,663,298,649,309,637,319,638,329,644,340,655,346,675,354,684,353,697,343,705,345,720,353,734,361,745,361,752,354,701,328],"area":9545,"bbox":[637,278,115,83],"iscrowd":0},{"id":258,"image_id":"51","category_id":3,"segmentation":[577,522,572,512,579,489,589,472,598,466,608,465,617,460,627,436,631,424,642,421,647,422,625,478,630,484,685,482,684,489,678,495,660,498,640,497,636,500,630,512,624,521,606,525,585,524],"area":11752,"bbox":[572,421,113,104],"iscrowd":0},{"id":259,"image_id":"51","category_id":2,"segmentation":[851,373,858,379,847,394,777,477,784,486,784,491,779,498,770,504,755,523,748,537,735,554,717,578,705,590,695,596,686,591,671,574,679,561,704,524,725,508,739,494,746,483,749,472,754,468,762,465,769,470],"area":41701,"bbox":[671,373,187,223],"iscrowd":0},{"id":260,"image_id":"51","category_id":2,"segmentation":[457,602,582,598,594,593,586,588,459,591,457,581,449,573,443,573,438,580,427,581,410,578,376,573,340,575,307,581,303,591,301,607,305,616,317,625,341,626,384,623,406,617,429,613,437,617,449,619,456,610],"area":15529,"bbox":[301,573,293,53],"iscrowd":0},{"id":261,"image_id":"51","category_id":1,"segmentation":[869,289,887,278,888,275,867,258,845,247,649,164,629,157,610,155,606,161,602,177,620,193,645,205,864,293],"area":39468,"bbox":[602,155,286,138],"iscrowd":0},{"id":262,"image_id":"52","category_id":3,"segmentation":[577,522,572,512,579,489,589,472,598,466,608,465,617,460,627,436,631,424,642,421,647,422,625,478,630,484,685,482,684,489,678,495,660,498,640,497,636,500,630,512,624,521,606,525,585,524],"area":11752,"bbox":[572,421,113,104],"iscrowd":0},{"id":263,"image_id":"52","category_id":2,"segmentation":[851,373,858,379,847,394,777,477,784,486,784,491,779,498,770,504,755,523,748,537,735,554,717,578,705,590,695,596,686,591,671,574,679,561,704,524,725,508,739,494,746,483,749,472,754,468,762,465,769,470],"area":41701,"bbox":[671,373,187,223],"iscrowd":0},{"id":264,"image_id":"52","category_id":2,"segmentation":[457,602,582,598,594,593,586,588,459,591,457,581,449,573,443,573,438,580,427,581,410,578,376,573,340,575,307,581,303,591,301,607,305,616,317,625,341,626,384,623,406,617,429,613,437,617,449,619,456,610],"area":15529,"bbox":[301,573,293,53],"iscrowd":0},{"id":265,"image_id":"52","category_id":1,"segmentation":[869,289,887,278,888,275,867,258,845,247,649,164,629,157,610,155,606,161,602,177,620,193,645,205,864,293],"area":39468,"bbox":[602,155,286,138],"iscrowd":0},{"id":266,"image_id":"52","category_id":3,"segmentation":[540,322,548,330,553,331,584,321,591,315,596,302,600,294,622,287,642,279,644,272,643,265,588,281,582,276,590,218,584,218,575,222,572,227,570,254,568,262,566,267,556,272,544,278,540,294,539,313],"area":11865,"bbox":[539,218,105,113],"iscrowd":0},{"id":267,"image_id":"53","category_id":2,"segmentation":[851,373,858,379,847,394,777,477,784,486,784,491,779,498,770,504,755,523,748,537,735,554,717,578,705,590,695,596,686,591,671,574,679,561,704,524,725,508,739,494,746,483,749,472,754,468,762,465,769,470],"area":41701,"bbox":[671,373,187,223],"iscrowd":0},{"id":268,"image_id":"53","category_id":2,"segmentation":[457,602,582,598,594,593,586,588,459,591,457,581,449,573,443,573,438,580,427,581,410,578,376,573,340,575,307,581,303,591,301,607,305,616,317,625,341,626,384,623,406,617,429,613,437,617,449,619,456,610],"area":15529,"bbox":[301,573,293,53],"iscrowd":0},{"id":269,"image_id":"53","category_id":1,"segmentation":[869,289,887,278,888,275,867,258,845,247,649,164,629,157,610,155,606,161,602,177,620,193,645,205,864,293],"area":39468,"bbox":[602,155,286,138],"iscrowd":0},{"id":270,"image_id":"53","category_id":3,"segmentation":[540,322,548,330,553,331,584,321,591,315,596,302,600,294,622,287,642,279,644,272,643,265,588,281,582,276,590,218,584,218,575,222,572,227,570,254,568,262,566,267,556,272,544,278,540,294,539,313],"area":11865,"bbox":[539,218,105,113],"iscrowd":0},{"id":271,"image_id":"53","category_id":3,"segmentation":[629,417,644,395,654,386,664,381,682,384,690,378,711,353,719,350,726,354,690,398,692,408,747,422,744,427,736,431,725,429,700,421,687,428,675,440,657,438,639,431,629,426],"area":10620,"bbox":[629,350,118,90],"iscrowd":0},{"id":272,"image_id":"54","category_id":2,"segmentation":[851,373,858,379,847,394,777,477,784,486,784,491,779,498,770,504,755,523,748,537,735,554,717,578,705,590,695,596,686,591,671,574,679,561,704,524,725,508,739,494,746,483,749,472,754,468,762,465,769,470],"area":41701,"bbox":[671,373,187,223],"iscrowd":0},{"id":273,"image_id":"54","category_id":1,"segmentation":[869,289,887,278,888,275,867,258,845,247,649,164,629,157,610,155,606,161,602,177,620,193,645,205,864,293],"area":39468,"bbox":[602,155,286,138],"iscrowd":0},{"id":274,"image_id":"54","category_id":3,"segmentation":[540,322,548,330,553,331,584,321,591,315,596,302,600,294,622,287,642,279,644,272,643,265,588,281,582,276,590,218,584,218,575,222,572,227,570,254,568,262,566,267,556,272,544,278,540,294,539,313],"area":11865,"bbox":[539,218,105,113],"iscrowd":0},{"id":275,"image_id":"54","category_id":3,"segmentation":[629,414,654,385,663,382,676,383,686,381,703,361,710,354,716,352,725,353,728,357,689,400,693,408,747,422,745,425,739,431,730,431,693,425,670,439,659,438,634,427],"area":10266,"bbox":[629,352,118,87],"iscrowd":0},{"id":276,"image_id":"54","category_id":2,"segmentation":[533,455,640,521,646,521,638,510,538,447,542,440,541,432,534,427,525,427,512,418,487,397,471,386,440,367,426,363,413,368,407,383,412,397,428,410,454,426,477,436,495,444,508,455,517,465,526,462],"area":37762,"bbox":[407,363,239,158],"iscrowd":0},{"id":277,"image_id":"55","category_id":2,"segmentation":[851,373,858,379,847,394,777,477,784,486,784,491,779,498,770,504,755,523,748,537,735,554,717,578,705,590,695,596,686,591,671,574,679,561,704,524,725,508,739,494,746,483,749,472,754,468,762,465,769,470],"area":41701,"bbox":[671,373,187,223],"iscrowd":0},{"id":278,"image_id":"55","category_id":1,"segmentation":[869,289,887,278,888,275,867,258,845,247,649,164,629,157,610,155,606,161,602,177,620,193,645,205,864,293],"area":39468,"bbox":[602,155,286,138],"iscrowd":0},{"id":279,"image_id":"55","category_id":3,"segmentation":[540,322,548,330,553,331,584,321,591,315,596,302,600,294,622,287,642,279,644,272,643,265,588,281,582,276,590,218,584,218,575,222,572,227,570,254,568,262,566,267,556,272,544,278,540,294,539,313],"area":11865,"bbox":[539,218,105,113],"iscrowd":0},{"id":280,"image_id":"55","category_id":3,"segmentation":[629,414,654,385,663,382,676,383,686,381,703,361,710,354,716,352,725,353,728,357,689,400,693,408,747,422,745,425,739,431,730,431,693,425,670,439,659,438,634,427],"area":10266,"bbox":[629,352,118,87],"iscrowd":0},{"id":281,"image_id":"55","category_id":2,"segmentation":[661,312,653,314,576,406,563,399,555,403,554,410,550,418,536,431,513,449,489,476,471,501,472,510,480,520,496,526,503,524,550,467,565,443,579,432,586,428,587,416,582,411,661,318],"area":40660,"bbox":[471,312,190,214],"iscrowd":0},{"id":282,"image_id":"56","category_id":2,"segmentation":[851,373,858,379,847,394,777,477,784,486,784,491,779,498,770,504,755,523,748,537,735,554,717,578,705,590,695,596,686,591,671,574,679,561,704,524,725,508,739,494,746,483,749,472,754,468,762,465,769,470],"area":41701,"bbox":[671,373,187,223],"iscrowd":0},{"id":283,"image_id":"56","category_id":1,"segmentation":[869,289,887,278,888,275,867,258,845,247,649,164,629,157,610,155,606,161,602,177,620,193,645,205,864,293],"area":39468,"bbox":[602,155,286,138],"iscrowd":0},{"id":284,"image_id":"56","category_id":3,"segmentation":[629,414,654,385,663,382,676,383,686,381,703,361,710,354,716,352,725,353,728,357,689,400,693,408,747,422,745,425,739,431,730,431,693,425,670,439,659,438,634,427],"area":10266,"bbox":[629,352,118,87],"iscrowd":0},{"id":285,"image_id":"56","category_id":2,"segmentation":[581,411,657,323,663,310,654,313,575,407,564,401,557,401,554,409,539,429,512,449,482,484,469,503,477,522,495,529,511,518,563,449,580,431,589,421],"area":42486,"bbox":[469,310,194,219],"iscrowd":0},{"id":286,"image_id":"56","category_id":3,"segmentation":[459,300,447,296,448,270,449,249,459,239,468,233,473,214,473,193,477,186,488,183,486,243,497,247,546,229,546,240,542,244,514,255,507,259,503,267,503,281,492,290,474,295],"area":11583,"bbox":[447,183,99,117],"iscrowd":0},{"id":287,"image_id":"57","category_id":2,"segmentation":[851,373,858,379,847,394,777,477,784,486,784,491,779,498,770,504,755,523,748,537,735,554,717,578,705,590,695,596,686,591,671,574,679,561,704,524,725,508,739,494,746,483,749,472,754,468,762,465,769,470],"area":41701,"bbox":[671,373,187,223],"iscrowd":0},{"id":288,"image_id":"57","category_id":1,"segmentation":[869,289,887,278,888,275,867,258,845,247,649,164,629,157,610,155,606,161,602,177,620,193,645,205,864,293],"area":39468,"bbox":[602,155,286,138],"iscrowd":0},{"id":289,"image_id":"57","category_id":2,"segmentation":[581,411,657,323,663,310,654,313,575,407,564,401,557,401,554,409,539,429,512,449,482,484,469,503,477,522,495,529,511,518,563,449,580,431,589,421],"area":42486,"bbox":[469,310,194,219],"iscrowd":0},{"id":290,"image_id":"57","category_id":3,"segmentation":[459,300,447,296,448,270,449,249,459,239,468,233,473,214,473,193,477,186,488,183,486,243,497,247,546,229,546,240,542,244,514,255,507,259,503,267,503,281,492,290,474,295],"area":11583,"bbox":[447,183,99,117],"iscrowd":0},{"id":291,"image_id":"57","category_id":3,"segmentation":[398,555,457,549,457,545,452,538,442,536,406,536,399,530,391,522,384,518,369,518,350,520,337,522,330,534,336,549,347,567,356,575,370,578,384,579,392,595,402,613,416,618,422,614,419,606,394,560],"area":12700,"bbox":[330,518,127,100],"iscrowd":0},{"id":292,"image_id":"58","category_id":2,"segmentation":[851,373,858,379,847,394,777,477,784,486,784,491,779,498,770,504,755,523,748,537,735,554,717,578,705,590,695,596,686,591,671,574,679,561,704,524,725,508,739,494,746,483,749,472,754,468,762,465,769,470],"area":41701,"bbox":[671,373,187,223],"iscrowd":0},{"id":293,"image_id":"58","category_id":1,"segmentation":[869,289,887,278,888,275,867,258,845,247,649,164,629,157,610,155,606,161,602,177,620,193,645,205,864,293],"area":39468,"bbox":[602,155,286,138],"iscrowd":0},{"id":294,"image_id":"58","category_id":3,"segmentation":[459,300,447,296,448,270,449,249,459,239,468,233,473,214,473,193,477,186,488,183,486,243,497,247,546,229,546,240,542,244,514,255,507,259,503,267,503,281,492,290,474,295],"area":11583,"bbox":[447,183,99,117],"iscrowd":0},{"id":295,"image_id":"58","category_id":3,"segmentation":[398,555,457,549,457,545,452,538,442,536,406,536,399,530,391,522,384,518,369,518,350,520,337,522,330,534,336,549,347,567,356,575,370,578,384,579,392,595,402,613,416,618,422,614,419,606,394,560],"area":12700,"bbox":[330,518,127,100],"iscrowd":0},{"id":296,"image_id":"58","category_id":2,"segmentation":[577,282,571,293,562,411,552,412,547,417,548,426,550,439,548,459,544,474,539,494,539,529,540,549,548,556,557,558,572,556,576,551,581,522,583,487,580,461,580,436,587,426,587,419,583,412,574,411,581,289],"area":13248,"bbox":[539,282,48,276],"iscrowd":0},{"id":297,"image_id":"59","category_id":1,"segmentation":[869,289,887,278,888,275,867,258,845,247,649,164,629,157,610,155,606,161,602,177,620,193,645,205,864,293],"area":39468,"bbox":[602,155,286,138],"iscrowd":0},{"id":298,"image_id":"59","category_id":3,"segmentation":[459,300,447,296,448,270,449,249,459,239,468,233,473,214,473,193,477,186,488,183,486,243,497,247,546,229,546,240,542,244,514,255,507,259,503,267,503,281,492,290,474,295],"area":11583,"bbox":[447,183,99,117],"iscrowd":0},{"id":299,"image_id":"59","category_id":3,"segmentation":[398,555,457,549,457,545,452,538,442,536,406,536,399,530,391,522,384,518,369,518,350,520,337,522,330,534,336,549,347,567,356,575,370,578,384,579,392,595,402,613,416,618,422,614,419,606,394,560],"area":12700,"bbox":[330,518,127,100],"iscrowd":0},{"id":300,"image_id":"59","category_id":2,"segmentation":[577,282,571,293,562,411,552,412,547,417,548,426,550,439,548,459,544,474,539,494,539,529,540,549,548,556,557,558,572,556,576,551,581,522,583,487,580,461,580,436,587,426,587,419,583,412,574,411,581,289],"area":13248,"bbox":[539,282,48,276],"iscrowd":0},{"id":301,"image_id":"59","category_id":2,"segmentation":[671,569,686,565,692,557,693,538,689,499,676,455,676,445,679,429,676,423,663,421,650,305,641,292,636,300,643,344,653,422,638,429,638,435,644,450,647,468,646,496,647,511,653,538,657,560,662,568],"area":15789,"bbox":[636,292,57,277],"iscrowd":0},{"id":302,"image_id":"60","category_id":1,"segmentation":[869,289,887,278,888,275,867,258,845,247,649,164,629,157,610,155,606,161,602,177,620,193,645,205,864,293],"area":39468,"bbox":[602,155,286,138],"iscrowd":0},{"id":303,"image_id":"60","category_id":3,"segmentation":[459,300,447,296,448,270,449,249,459,239,468,233,473,214,473,193,477,186,488,183,486,243,497,247,546,229,546,240,542,244,514,255,507,259,503,267,503,281,492,290,474,295],"area":11583,"bbox":[447,183,99,117],"iscrowd":0},{"id":304,"image_id":"60","category_id":3,"segmentation":[398,555,457,549,457,545,452,538,442,536,406,536,399,530,391,522,384,518,369,518,350,520,337,522,330,534,336,549,347,567,356,575,370,578,384,579,392,595,402,613,416,618,422,614,419,606,394,560],"area":12700,"bbox":[330,518,127,100],"iscrowd":0},{"id":305,"image_id":"60","category_id":2,"segmentation":[671,569,686,565,696,558,697,537,689,499,676,455,676,445,679,429,676,423,663,421,648,308,641,292,636,300,643,344,653,422,638,429,638,435,644,450,647,468,646,496,647,511,653,538,657,560,662,568],"area":16897,"bbox":[636,292,61,277],"iscrowd":0},{"id":306,"image_id":"60","category_id":2,"segmentation":[481,439,469,456,467,467,475,476,492,487,524,505,551,516,567,528,575,540,586,541,596,530,700,598,709,598,706,589,601,523,605,514,603,505,587,501,569,491,548,473,524,455,494,441],"area":38478,"bbox":[467,439,242,159],"iscrowd":0}],"licenses":[{"id":1,"name":"Unknown","url":""}],"categories":[{"id":1,"name":"level","supercategory":"name"},{"id":2,"name":"screwdriver","supercategory":"name"},{"id":3,"name":"clamp","supercategory":"name"},{"id":1,"name":"level","supercategory":"name"},{"id":2,"name":"screwdriver","supercategory":"name"},{"id":3,"name":"clamp","supercategory":"name"},{"id":1,"name":"level","supercategory":"name"},{"id":2,"name":"screwdriver","supercategory":"name"},{"id":3,"name":"clamp","supercategory":"name"},{"id":1,"name":"level","supercategory":"name"},{"id":2,"name":"screwdriver","supercategory":"name"},{"id":3,"name":"clamp","supercategory":"name"},{"id":1,"name":"level","supercategory":"name"},{"id":2,"name":"screwdriver","supercategory":"name"},{"id":3,"name":"clamp","supercategory":"name"},{"id":1,"name":"level","supercategory":"name"},{"id":2,"name":"screwdriver","supercategory":"name"},{"id":3,"name":"clamp","supercategory":"name"},{"id":1,"name":"level","supercategory":"name"},{"id":2,"name":"screwdriver","supercategory":"name"},{"id":3,"name":"clamp","supercategory":"name"},{"id":1,"name":"level","supercategory":"name"},{"id":2,"name":"screwdriver","supercategory":"name"},{"id":3,"name":"clamp","supercategory":"name"},{"id":1,"name":"level","supercategory":"name"},{"id":2,"name":"screwdriver","supercategory":"name"},{"id":3,"name":"clamp","supercategory":"name"},{"id":1,"name":"level","supercategory":"name"},{"id":2,"name":"screwdriver","supercategory":"name"},{"id":3,"name":"clamp","supercategory":"name"},{"id":1,"name":"level","supercategory":"name"},{"id":2,"name":"screwdriver","supercategory":"name"},{"id":3,"name":"clamp","supercategory":"name"},{"id":1,"name":"level","supercategory":"name"},{"id":2,"name":"screwdriver","supercategory":"name"},{"id":3,"name":"clamp","supercategory":"name"},{"id":1,"name":"level","supercategory":"name"},{"id":2,"name":"screwdriver","supercategory":"name"},{"id":3,"name":"clamp","supercategory":"name"},{"id":1,"name":"level","supercategory":"name"},{"id":2,"name":"screwdriver","supercategory":"name"},{"id":3,"name":"clamp","supercategory":"name"},{"id":1,"name":"level","supercategory":"name"},{"id":2,"name":"screwdriver","supercategory":"name"},{"id":3,"name":"clamp","supercategory":"name"},{"id":1,"name":"level","supercategory":"name"},{"id":2,"name":"screwdriver","supercategory":"name"},{"id":3,"name":"clamp","supercategory":"name"},{"id":1,"name":"level","supercategory":"name"},{"id":2,"name":"screwdriver","supercategory":"name"},{"id":3,"name":"clamp","supercategory":"name"},{"id":1,"name":"level","supercategory":"name"},{"id":2,"name":"screwdriver","supercategory":"name"},{"id":3,"name":"clamp","supercategory":"name"},{"id":1,"name":"level","supercategory":"name"},{"id":2,"name":"screwdriver","supercategory":"name"},{"id":3,"name":"clamp","supercategory":"name"},{"id":1,"name":"level","supercategory":"name"},{"id":2,"name":"screwdriver","supercategory":"name"},{"id":3,"name":"clamp","supercategory":"name"},{"id":1,"name":"level","supercategory":"name"},{"id":2,"name":"screwdriver","supercategory":"name"},{"id":3,"name":"clamp","supercategory":"name"},{"id":1,"name":"level","supercategory":"name"},{"id":2,"name":"screwdriver","supercategory":"name"},{"id":3,"name":"clamp","supercategory":"name"},{"id":1,"name":"level","supercategory":"name"},{"id":2,"name":"screwdriver","supercategory":"name"},{"id":3,"name":"clamp","supercategory":"name"},{"id":1,"name":"level","supercategory":"name"},{"id":2,"name":"screwdriver","supercategory":"name"},{"id":3,"name":"clamp","supercategory":"name"},{"id":1,"name":"level","supercategory":"name"},{"id":2,"name":"screwdriver","supercategory":"name"},{"id":3,"name":"clamp","supercategory":"name"},{"id":1,"name":"level","supercategory":"name"},{"id":2,"name":"screwdriver","supercategory":"name"},{"id":3,"name":"clamp","supercategory":"name"},{"id":1,"name":"level","supercategory":"name"},{"id":2,"name":"screwdriver","supercategory":"name"},{"id":3,"name":"clamp","supercategory":"name"},{"id":1,"name":"level","supercategory":"name"},{"id":2,"name":"screwdriver","supercategory":"name"},{"id":3,"name":"clamp","supercategory":"name"},{"id":1,"name":"level","supercategory":"name"},{"id":2,"name":"screwdriver","supercategory":"name"},{"id":3,"name":"clamp","supercategory":"name"},{"id":1,"name":"level","supercategory":"name"},{"id":2,"name":"screwdriver","supercategory":"name"},{"id":3,"name":"clamp","supercategory":"name"},{"id":1,"name":"level","supercategory":"name"},{"id":2,"name":"screwdriver","supercategory":"name"},{"id":3,"name":"clamp","supercategory":"name"},{"id":1,"name":"level","supercategory":"name"},{"id":2,"name":"screwdriver","supercategory":"name"},{"id":3,"name":"clamp","supercategory":"name"},{"id":1,"name":"level","supercategory":"name"},{"id":2,"name":"screwdriver","supercategory":"name"},{"id":3,"name":"clamp","supercategory":"name"},{"id":1,"name":"level","supercategory":"name"},{"id":2,"name":"screwdriver","supercategory":"name"},{"id":3,"name":"clamp","supercategory":"name"},{"id":1,"name":"level","supercategory":"name"},{"id":2,"name":"screwdriver","supercategory":"name"},{"id":3,"name":"clamp","supercategory":"name"},{"id":1,"name":"level","supercategory":"name"},{"id":2,"name":"screwdriver","supercategory":"name"},{"id":3,"name":"clamp","supercategory":"name"},{"id":1,"name":"level","supercategory":"name"},{"id":2,"name":"screwdriver","supercategory":"name"},{"id":3,"name":"clamp","supercategory":"name"},{"id":1,"name":"level","supercategory":"name"},{"id":2,"name":"screwdriver","supercategory":"name"},{"id":3,"name":"clamp","supercategory":"name"},{"id":1,"name":"level","supercategory":"name"},{"id":2,"name":"screwdriver","supercategory":"name"},{"id":3,"name":"clamp","supercategory":"name"},{"id":1,"name":"level","supercategory":"name"},{"id":2,"name":"screwdriver","supercategory":"name"},{"id":3,"name":"clamp","supercategory":"name"},{"id":1,"name":"level","supercategory":"name"},{"id":2,"name":"screwdriver","supercategory":"name"},{"id":3,"name":"clamp","supercategory":"name"},{"id":1,"name":"level","supercategory":"name"},{"id":2,"name":"screwdriver","supercategory":"name"},{"id":3,"name":"clamp","supercategory":"name"},{"id":1,"name":"level","supercategory":"name"},{"id":2,"name":"screwdriver","supercategory":"name"},{"id":3,"name":"clamp","supercategory":"name"},{"id":1,"name":"level","supercategory":"name"},{"id":2,"name":"screwdriver","supercategory":"name"},{"id":3,"name":"clamp","supercategory":"name"},{"id":1,"name":"level","supercategory":"name"},{"id":2,"name":"screwdriver","supercategory":"name"},{"id":3,"name":"clamp","supercategory":"name"},{"id":1,"name":"level","supercategory":"name"},{"id":2,"name":"screwdriver","supercategory":"name"},{"id":3,"name":"clamp","supercategory":"name"},{"id":1,"name":"level","supercategory":"name"},{"id":2,"name":"screwdriver","supercategory":"name"},{"id":3,"name":"clamp","supercategory":"name"},{"id":1,"name":"level","supercategory":"name"},{"id":2,"name":"screwdriver","supercategory":"name"},{"id":3,"name":"clamp","supercategory":"name"},{"id":1,"name":"level","supercategory":"name"},{"id":2,"name":"screwdriver","supercategory":"name"},{"id":3,"name":"clamp","supercategory":"name"},{"id":1,"name":"level","supercategory":"name"},{"id":2,"name":"screwdriver","supercategory":"name"},{"id":3,"name":"clamp","supercategory":"name"},{"id":1,"name":"level","supercategory":"name"},{"id":2,"name":"screwdriver","supercategory":"name"},{"id":3,"name":"clamp","supercategory":"name"},{"id":1,"name":"level","supercategory":"name"},{"id":2,"name":"screwdriver","supercategory":"name"},{"id":3,"name":"clamp","supercategory":"name"},{"id":1,"name":"level","supercategory":"name"},{"id":2,"name":"screwdriver","supercategory":"name"},{"id":3,"name":"clamp","supercategory":"name"},{"id":1,"name":"level","supercategory":"name"},{"id":2,"name":"screwdriver","supercategory":"name"},{"id":3,"name":"clamp","supercategory":"name"},{"id":1,"name":"level","supercategory":"name"},{"id":2,"name":"screwdriver","supercategory":"name"},{"id":3,"name":"clamp","supercategory":"name"},{"id":1,"name":"level","supercategory":"name"},{"id":2,"name":"screwdriver","supercategory":"name"},{"id":3,"name":"clamp","supercategory":"name"},{"id":1,"name":"level","supercategory":"name"},{"id":2,"name":"screwdriver","supercategory":"name"},{"id":3,"name":"clamp","supercategory":"name"},{"id":1,"name":"level","supercategory":"name"},{"id":2,"name":"screwdriver","supercategory":"name"},{"id":3,"name":"clamp","supercategory":"name"},{"id":1,"name":"level","supercategory":"name"},{"id":2,"name":"screwdriver","supercategory":"name"},{"id":3,"name":"clamp","supercategory":"name"},{"id":1,"name":"level","supercategory":"name"},{"id":2,"name":"screwdriver","supercategory":"name"},{"id":3,"name":"clamp","supercategory":"name"},{"id":1,"name":"level","supercategory":"name"},{"id":2,"name":"screwdriver","supercategory":"name"},{"id":3,"name":"clamp","supercategory":"name"}]}